x1,y1,,x2,y2,,x3,y3,,x4,y4,,x5,y5,,x6,y6,,x7,y7,,x8,y8,,x9,y9,,x10,y10,,x11,y11,,x12,y12
0,200.3685,,0,169.8233,,0,215.3769,,0,233.722,,0,164.0275,,0,218.019,,0,338.9885,,0,259.0617,,0,327.571,,0,255.5363,,0,233.913,,0,242.1293
0.998531845,199.8644,,0.998874294,169.1328,,0.999720578,214.9791,,0.999522235,233.3805,,0.99920965,163.1896,,0.998330955,217.5553,,0.999714435,338.4107,,0.998394146,258.8037,,0.999654896,327.0273,,0.999137274,254.6948,,0.997273888,233.4067,,0.996990539,241.3997
1.99706369,199.3791,,1.997748586,168.4882,,1.999441158,214.4422,,1.999044473,233.0402,,1.998419299,162.3549,,1.996661907,216.9168,,1.999428869,337.8816,,1.996788291,258.4526,,1.999309791,326.5119,,1.998274548,254.1011,,1.99454778,232.8866,,1.993981079,240.7112
2.995595535,198.9423,,2.996622885,167.8845,,2.999161739,213.7359,,2.998566711,232.6836,,2.997628952,161.471,,2.994992861,216.1674,,2.999143301,337.2869,,2.995182437,258.0433,,2.998964687,326.1484,,2.997411822,253.7372,,2.991821669,232.393,,2.990971616,240.0742
3.994127382,198.4745,,3.995497177,167.2289,,3.998882318,213.1292,,3.998088945,232.1888,,3.996838602,160.7491,,3.993323815,215.3798,,3.998857736,336.5629,,3.993576583,257.6981,,3.998619583,325.8655,,3.996549097,253.3378,,3.989095556,231.9301,,3.987962155,239.3903
4.992659226,197.9346,,4.99437147,166.5395,,4.998602897,212.7317,,4.997611182,231.461,,4.996048251,160.1973,,4.99165477,214.5289,,4.998572168,335.8099,,4.991970729,257.4967,,4.998274476,325.4951,,4.995686365,252.6803,,4.986369447,231.4556,,4.984952697,238.614
5.991191071,197.4666,,5.993245769,165.8765,,5.998323477,212.2993,,5.997133416,230.6399,,5.995257898,159.6399,,5.989985722,213.6441,,5.998286603,335.1505,,5.990364876,257.5003,,5.997929373,325.0975,,5.994823639,251.9577,,5.983643335,230.955,,5.981943238,237.932
6.989722916,197.0537,,6.992120061,165.2287,,6.998044058,211.724,,6.996655654,229.6395,,6.994467549,159.1392,,6.988316677,212.7784,,6.998001038,334.6046,,6.988759022,257.6563,,6.997584268,324.6522,,6.993960914,251.0461,,6.980917225,230.4367,,6.978933774,237.2963
7.988254761,196.5515,,7.990994355,164.6039,,7.997764637,211.136,,7.996177889,228.7146,,7.993677201,158.9178,,7.986647631,211.9768,,7.99771547,334.074,,7.987153168,257.6418,,7.997239164,324.1679,,7.993098187,250.1928,,7.978191113,229.9531,,7.975924314,236.7063
8.986786606,195.9152,,8.989868649,164.0938,,8.997485218,210.5893,,8.995700126,227.7623,,8.992886851,158.8721,,8.984978584,211.3708,,8.997429905,333.4871,,8.985547314,257.246,,8.996894061,323.6937,,8.992235461,249.5088,,8.975465002,229.2242,,8.972914854,236.1592
9.985318452,194.6165,,9.988742942,163.6288,,9.997205793,210.0459,,9.995222366,226.7626,,9.9920965,158.8277,,9.983309537,210.8761,,9.997144339,332.8033,,9.983941461,256.6204,,9.996548955,323.2682,,9.991372733,248.7938,,9.972738891,228.4638,,9.969905388,235.5791
10.9838503,192.4474,,10.98761724,162.973,,10.99692637,209.5036,,10.9947446,225.7468,,10.99130615,158.8001,,10.98164049,210.4206,,10.99685877,332.004,,10.98233561,255.8822,,10.99620385,322.9006,,10.99051001,247.8862,,10.97001278,227.8897,,10.96689593,235.0075
11.98238214,190.3927,,11.98649153,162.1844,,11.99664695,208.9705,,11.99426684,224.7534,,11.9905158,158.7014,,11.97997145,209.9881,,11.99657321,331.1017,,11.98072975,255.3185,,11.99585875,322.4975,,11.98964728,246.9886,,11.96728667,227.4712,,11.96388647,234.4297
12.98091399,189.3056,,12.98536583,161.3726,,12.99636753,208.4299,,12.99378907,223.8051,,12.98972545,158.527,,12.9783024,209.7101,,12.99628764,330.1462,,12.9791239,254.9415,,12.99551364,322.0206,,12.98878455,246.1603,,12.96456056,227.1341,,12.96087701,233.7848
13.97944583,188.7987,,13.98424012,160.5488,,13.99608811,207.8158,,13.99331131,222.9372,,13.9889351,158.3387,,13.97663335,209.6084,,13.99600207,329.3568,,13.97751805,254.7815,,13.99516854,321.4494,,13.98792183,245.4185,,13.96183445,226.8111,,13.95786755,233.1535
14.97797768,188.3142,,14.98311442,159.7448,,14.99580869,207.1656,,14.99283355,222.0845,,14.98814475,158.2079,,14.97496431,209.5813,,14.99571651,328.6061,,14.9759122,254.6522,,14.99482343,320.8687,,14.9870591,244.7351,,14.95910834,226.469,,14.95485809,232.5268
15.97650952,187.7756,,15.98198871,159.0081,,15.99552927,206.554,,15.99235578,221.2355,,15.9873544,158.1212,,15.97329526,209.5468,,15.99543094,327.8069,,15.97430634,254.4729,,15.99447833,320.3657,,15.98619637,244.0478,,15.95638223,226.0695,,15.95184863,231.908
16.97504137,187.2693,,16.98086301,158.4304,,16.99524985,206.0119,,16.99187802,220.2825,,16.98656405,158.0721,,16.97162621,209.5082,,16.99514537,327.0394,,16.97270049,254.2542,,16.99413322,319.8182,,16.98533365,243.3146,,16.95365612,225.6001,,16.94883917,231.2765
17.97357321,186.797,,17.9797373,157.8806,,17.99497043,205.3994,,17.99140025,219.3519,,17.9857737,157.9988,,17.96995717,209.4485,,17.99485981,326.2939,,17.97109463,253.9843,,17.99378812,319.3301,,17.98447092,242.6804,,17.95093001,225.0754,,17.94582971,230.7342
18.97210506,186.2533,,18.9786116,157.1439,,18.99469101,204.7156,,18.99092249,218.4683,,18.98498335,157.9245,,18.96828812,209.3095,,18.99457424,325.1695,,18.96948878,253.4759,,18.99344301,319.0047,,18.98360819,242.1324,,18.94820389,224.4877,,18.94282024,230.1224
19.9706369,185.6748,,19.97748589,156.3528,,19.99441159,204.0376,,19.99044473,217.5362,,19.984193,157.7642,,19.96661908,209.0404,,19.99428867,323.8712,,19.96788292,252.8035,,19.99309791,318.6901,,19.98274547,241.7244,,19.94547778,223.8669,,19.93981078,229.4078
20.96916875,184.9741,,20.97636018,155.6582,,20.99413217,203.5541,,20.98996696,216.6134,,20.98340265,157.5477,,20.96495003,208.6258,,20.99400311,322.8025,,20.96627707,252.1935,,20.9927528,318.5353,,20.98188274,241.3708,,20.94275167,223.1936,,20.93680132,228.8234
21.96770059,184.1613,,21.97523448,155.0898,,21.99385275,202.8814,,21.9894892,215.8548,,21.9826123,157.2835,,21.96328098,208.0798,,21.99371754,322.1116,,21.96467122,251.6493,,21.9924077,318.2207,,21.98102001,241.0804,,21.94002556,222.4807,,21.93379186,228.4357
22.96623244,183.4513,,22.97410878,154.5706,,22.99357333,202.2606,,22.98901144,215.1469,,22.98182195,156.8248,,22.96161194,207.5406,,22.99343198,321.8033,,22.96306537,251.17,,22.9920626,317.8023,,22.98015729,240.572,,22.93729945,221.9694,,22.9307824,227.8699
23.96476428,182.7972,,23.97298307,153.9603,,23.99329391,201.5655,,23.98853367,214.4705,,23.9810316,156.1217,,23.95994289,206.8922,,23.99314641,321.7595,,23.96145951,250.6466,,23.99171749,317.3053,,23.97929456,239.998,,23.93457334,221.4549,,23.92777294,226.9757
24.96329613,182.0701,,24.97185736,153.1999,,24.99301449,200.8741,,24.98805591,213.6997,,24.98024126,155.4445,,24.95827385,206.2623,,24.99286084,321.788,,24.95985366,250.1194,,24.99137239,316.9288,,24.97843183,239.4222,,24.93184723,220.9809,,24.92476348,226.2239
25.96182797,181.3135,,25.97073165,152.5917,,25.99273507,200.2329,,25.98757814,212.9089,,25.9794509,154.7993,,25.9566048,205.5912,,25.99257528,321.8415,,25.9582478,249.5903,,25.99102728,316.6634,,25.97756911,238.8789,,25.92912111,220.6419,,25.92175402,225.4289
26.96035982,180.5731,,26.96960595,152.048,,26.99245565,199.5423,,26.98710038,212.0367,,26.97866055,154.1938,,26.95493575,204.9211,,26.99228971,321.8318,,26.95664195,249.0377,,26.99068218,316.3591,,26.97670638,238.3366,,26.92639501,220.4024,,26.91874456,224.7327
27.95889166,179.8788,,27.96848025,151.511,,27.99217623,198.8574,,27.98662262,211.1393,,27.97787021,153.3763,,27.95326671,204.2344,,27.99200414,321.4361,,27.95503609,248.4542,,27.99033707,316.0281,,27.97584365,237.7742,,27.92366889,220.1821,,27.91573509,224.0864
28.95742351,179.2823,,28.96735454,150.9304,,28.99189681,198.2664,,28.98614485,210.3764,,28.97707985,152.3961,,28.95159766,203.5493,,28.99171858,320.5835,,28.95343024,247.9308,,28.98999197,315.6057,,28.97498093,237.1727,,28.92094278,219.945,,28.91272563,223.4755
29.95595535,178.7168,,29.96622884,150.3397,,29.99161739,197.6778,,29.98566709,209.5698,,29.9762895,151.3773,,29.94992861,203.0066,,29.99143301,319.5368,,29.95182438,247.3616,,29.98964686,315.1471,,29.9741182,236.3989,,29.91821667,219.7049,,29.90971617,222.9961
30.9544872,178.1775,,30.96510313,149.7747,,30.99133797,197.0145,,30.98518933,208.3909,,30.97549915,150.4,,30.94825957,202.5508,,30.99114744,318.5321,,30.95021854,246.6456,,30.98930176,314.7553,,30.97325547,235.6375,,30.91549056,219.3274,,30.90670671,222.4852
31.95301904,177.6802,,31.96397742,149.2266,,31.99105855,196.1378,,31.98471156,206.9707,,31.9747088,149.5472,,31.94659052,202.0953,,31.99086188,317.6435,,31.94861268,245.785,,31.98895665,314.4134,,31.97239274,235.0947,,31.91276445,218.9031,,31.90369725,221.9223
32.95155089,177.134,,32.96285172,148.6493,,32.99077913,195.1443,,32.9842338,205.477,,32.97391845,148.8411,,32.94492147,201.6632,,32.99057632,316.9141,,32.94700683,244.7744,,32.98861155,314.057,,32.97153002,234.6478,,32.91003834,218.4919,,32.90068779,221.3524
33.95008273,176.6006,,33.96172602,148.0146,,33.9904997,194.4028,,33.98375604,204.156,,33.9731281,148.2688,,33.94325243,201.2365,,33.99029075,316.2047,,33.94540097,243.6321,,33.98826644,313.58,,33.97066729,234.1967,,33.90731223,218.0841,,33.89767833,220.789
34.94861458,176.2091,,34.96060031,147.3886,,34.99022028,194.2112,,34.98327827,203.1528,,34.97233775,147.7347,,34.94158338,200.9128,,34.99000518,315.4113,,34.94379512,242.4131,,34.98792134,313.0253,,34.96980456,233.5115,,34.90458612,217.734,,34.89466887,220.1358
35.94714642,175.8609,,35.9594746,146.8791,,35.98994086,194.0371,,35.98280051,202.1914,,35.9715474,147.2105,,35.93991434,200.652,,35.98971961,314.6202,,35.94218926,241.3552,,35.98757624,312.5663,,35.96894184,232.7439,,35.90186001,217.524,,35.89165941,219.4659
36.94567827,175.4644,,36.9583489,146.4607,,36.98966144,193.7841,,36.98232274,201.2432,,36.97075706,146.7282,,36.93824529,200.5357,,36.98943405,313.8235,,36.94058341,240.515,,36.98723113,312.0467,,36.96807911,231.8756,,36.89913389,217.3747,,36.88864995,218.8239
37.94421012,175.0319,,37.95722319,146.1127,,37.98938202,193.2614,,37.98184498,200.2663,,37.9699667,146.2426,,37.93657625,200.4128,,37.98914848,313.1347,,37.93897756,239.5846,,37.98688603,311.5718,,37.96721638,231.1264,,37.89640778,217.0605,,37.88564049,218.2681
38.94274196,174.5113,,38.95609749,145.7633,,38.9891026,192.456,,38.98136722,199.2192,,38.96917635,145.765,,38.9349072,200.2613,,38.98886292,312.4847,,38.9373717,238.652,,38.98654092,311.106,,38.96635366,230.4301,,38.89368167,216.6336,,38.88263102,217.7118
39.9412738,173.977,,39.95497178,145.2493,,39.98882318,191.5252,,39.98088946,198.3609,,39.968386,145.2862,,39.93323815,200.0875,,39.98857735,311.8192,,39.93576585,237.8252,,39.98619582,310.6107,,39.96549093,229.8009,,39.89095556,216.1598,,39.87962156,217.1281
40.93980565,173.5465,,40.95384608,144.4658,,40.98854376,190.7215,,40.98041169,197.8608,,40.96759565,144.8,,40.9315691,199.7974,,40.98829178,311.1517,,40.93416,236.9278,,40.98585071,310.0946,,40.96462821,229.2079,,40.88822945,215.6799,,40.8766121,216.5119
41.93833749,173.2001,,41.95272037,143.7051,,41.98826434,190.008,,41.97993393,197.6378,,41.9668053,144.3031,,41.92990006,199.374,,41.98800622,310.5055,,41.93255414,235.8069,,41.98550561,309.6086,,41.96376548,228.6118,,41.88550334,215.155,,41.87360264,215.8198
42.93686934,172.8685,,42.95159467,143.1527,,42.98798492,189.3035,,42.97945617,197.5504,,42.96601495,143.7963,,42.92823101,198.9288,,42.98772065,309.9325,,42.93094829,234.5973,,42.9851605,309.279,,42.96290275,228.042,,42.88277723,214.745,,42.87059318,215.2443
43.93540119,172.5223,,43.95046896,142.9643,,43.9877055,188.7311,,43.9789784,197.5146,,43.9652246,143.2662,,43.92656197,198.5403,,43.98743509,309.3439,,43.92934243,233.4551,,43.9848154,309.1252,,43.96204002,227.5025,,43.88005112,214.3935,,43.86758372,214.7712
44.93393303,172.1579,,44.94934325,142.9689,,44.98742608,188.1618,,44.97850063,197.4689,,44.96443426,142.5913,,44.92489292,198.2727,,44.98714952,308.701,,44.92773658,232.697,,44.98447029,309.0908,,44.9611773,227.0077,,44.87732501,213.861,,44.86457426,214.2513
45.93246488,171.7628,,45.94821755,143.0502,,45.98714666,187.4476,,45.97802287,197.391,,45.9636439,141.7608,,45.92322387,197.9004,,45.98686395,307.9114,,45.92613073,232.2802,,45.98412519,309.0482,,45.96031457,226.6382,,45.8745989,213.2035,,45.8615648,213.6711
46.93099672,171.3325,,46.94709184,143.1098,,46.98686724,186.6749,,46.97754511,197.2302,,46.96285355,140.8699,,46.92155483,197.4871,,46.98657838,307.0649,,46.92452487,232.127,,46.98378008,308.8846,,46.95945184,226.2965,,46.87187279,212.7389,,46.85855534,213.1021
47.92952857,170.872,,47.94596614,143.006,,47.98658782,185.9287,,47.97706734,196.9885,,47.96206321,140.0001,,47.91988578,196.9248,,47.98629282,306.246,,47.92291902,232.0683,,47.98343498,308.6665,,47.95858912,225.9195,,47.86914667,212.4373,,47.85554588,212.4971
48.92806041,170.4207,,48.94484043,142.6822,,48.9863084,185.2753,,48.97658958,196.3541,,48.96127286,139.284,,48.91821674,196.3124,,48.98600725,305.5724,,48.92131317,232.0357,,48.98308988,308.2776,,48.95772639,225.533,,48.86642056,212.104,,48.85253642,211.9314
49.92659226,169.9977,,49.94371473,142.2716,,49.98602898,184.6296,,49.97611182,195.5167,,49.96048251,138.6177,,49.91654769,195.7073,,49.98572169,305.1375,,49.91970731,231.9948,,49.98274477,307.6432,,49.95686366,225.0421,,49.86369445,211.7161,,49.84952696,211.4366
50.9251241,169.5694,,50.94258902,141.7808,,50.98574956,183.9443,,50.97563405,194.4996,,50.95969216,137.8717,,50.91487864,195.1067,,50.98543612,304.8618,,50.91810146,231.9464,,50.98239967,306.7965,,50.95600094,224.4638,,50.86096834,211.1919,,50.84651749,210.925
51.92365595,169.133,,51.94146331,141.3525,,51.98547014,183.2516,,51.97515629,193.6118,,51.95890181,136.9605,,51.9132096,194.5214,,51.98515055,304.5499,,51.9164956,231.9046,,51.98205456,305.9827,,51.95513821,223.8994,,51.85824223,210.4622,,51.84350803,210.4264
52.92218779,168.6956,,52.94033761,141.0748,,52.98519071,182.4393,,52.97467853,192.7899,,52.95811146,135.7859,,52.91154055,193.8405,,52.98486499,304.1039,,52.91488975,231.4937,,52.98170946,305.353,,52.95427548,223.5309,,52.85551612,209.621,,52.84049857,209.9993
53.92071964,168.208,,53.93921191,140.9232,,53.9849113,181.2651,,53.97420076,192.0028,,53.95732111,134.3895,,53.9098715,193.15,,53.98457942,303.5016,,53.9132839,230.9134,,53.98136435,304.6034,,53.95341275,223.4422,,53.85279001,208.9776,,53.83748911,209.7169
54.91925148,167.6488,,54.9380862,140.7812,,54.98463188,180.1213,,54.973723,191.009,,54.95653076,133.3604,,54.90820246,192.5022,,54.98429386,302.6698,,54.91167804,230.2198,,54.98101925,303.9302,,54.95255003,223.3285,,54.8500639,208.4404,,54.83447965,209.4863
55.91778333,167.1048,,55.93696049,140.6619,,55.98435245,179.2751,,55.97324524,190.0435,,55.95574041,132.8464,,55.90653341,191.8945,,55.98400829,301.8336,,55.91007219,229.3434,,55.98067414,303.2693,,55.9516873,222.9867,,55.84733779,207.7876,,55.83147019,209.2173
56.91631517,166.6222,,56.93583479,140.5036,,56.98407303,178.4807,,56.97276747,189.2719,,56.95495006,132.6259,,56.90486437,191.3416,,56.98372272,300.9823,,56.90846633,228.1525,,56.98032904,302.6249,,56.95082458,222.4399,,56.84461168,206.9418,,56.82846073,208.8188
57.91484702,166.1803,,57.93470908,140.0933,,57.98379361,177.9284,,57.97228971,188.6011,,57.95415971,132.4559,,57.90319532,190.7514,,57.98343716,300.1043,,57.90686049,227.0569,,57.97998393,301.9253,,57.94996185,222.0388,,57.84188557,205.9824,,57.82545127,208.2298
58.91337886,165.8165,,58.93358338,139.4498,,58.98351419,177.629,,58.97181194,187.8246,,58.95336936,132.3002,,58.90152627,189.8634,,58.98315159,299.2001,,58.90525463,226.1543,,58.97963883,301.1796,,58.94909912,221.5985,,58.83915946,205.0289,,58.82244181,207.6605
59.91191071,165.5111,,59.93245767,138.7643,,59.98323477,177.4891,,59.97133418,186.9788,,59.95257901,131.9656,,59.89985723,189.1687,,59.98286602,298.4787,,59.90364878,225.3078,,59.97929372,300.562,,59.94823639,221.1808,,59.83643334,204.0932,,59.81943235,207.1761
60.91044255,165.2171,,60.93133197,138.0771,,60.98295535,177.2538,,60.97085642,186.1583,,60.95178866,131.3522,,60.89818818,188.7373,,60.98258046,297.9568,,60.90204292,224.4919,,60.97894862,299.8728,,60.94737367,220.7965,,60.83370723,203.4125,,60.81642288,206.7293
61.9089744,164.9475,,61.93020626,137.3197,,61.98267593,176.8667,,61.97037865,185.3326,,61.95099831,130.5853,,61.89651913,188.3515,,61.98229489,297.3483,,61.90043707,223.6702,,61.97860351,299.1605,,61.94651094,220.3845,,61.83098112,202.9859,,61.81341342,206.1796
62.90750624,164.6489,,62.92908056,136.3232,,62.98239651,176.2463,,62.96990089,184.4013,,62.95020796,129.7809,,62.89485009,188.1724,,62.98200933,296.6947,,62.89883122,222.8755,,62.97825841,298.6053,,62.94564822,219.9883,,62.82825501,202.7732,,62.81040396,205.4814
63.90603809,164.2386,,63.92795485,135.2798,,63.98211709,175.4766,,63.96942313,183.4347,,63.94941761,128.8806,,63.89318105,188.2368,,63.98172376,296.0252,,63.89722536,222.0105,,63.97791331,298.153,,63.94478549,219.6073,,63.8255289,202.6495,,63.8073945,204.8845
64.90456993,163.7241,,64.92682914,134.2364,,64.98183767,174.6433,,64.96894536,182.4494,,64.94862726,127.8705,,64.891512,188.2468,,64.98143819,295.3687,,64.89561951,221.1199,,64.9775682,297.5154,,64.94392276,219.2502,,64.82280279,202.4639,,64.80438504,204.2934
65.90310178,163.208,,65.92570344,133.2311,,65.98155825,173.7897,,65.9684676,181.5586,,65.94783691,126.869,,65.88984295,188.2511,,65.98115263,294.7299,,65.89401365,220.0518,,65.9772231,296.7334,,65.94306003,218.8398,,65.82007668,202.0427,,65.80137558,203.853
66.90163362,162.7272,,66.92457773,132.2443,,66.98127883,173.0369,,66.96798983,180.7732,,66.94704656,125.9098,,66.88817391,188.1828,,66.98086706,294.1406,,66.8924078,219.1536,,66.97687799,296.128,,66.94219731,218.5696,,66.81735057,201.37,,66.79836612,203.5548
67.90016547,162.2167,,67.92345203,131.109,,67.98099941,172.2862,,67.96751207,180.0206,,67.94625621,125.0734,,67.88650486,188.042,,67.98058149,293.5141,,67.89080195,218.3276,,67.97653289,295.4473,,67.94133458,218.4036,,67.81462446,200.6606,,67.79535666,203.294
68.89869731,161.6717,,68.92232632,129.9817,,68.98071999,171.5501,,68.96703431,179.1998,,68.94546586,124.2809,,68.88483581,187.8461,,68.98029593,292.6632,,68.88919609,217.5284,,68.97618778,294.7542,,68.94047186,218.2768,,68.81189834,199.9246,,68.7923472,202.9185
69.89722916,161.1147,,69.92120062,128.9632,,69.98044057,170.856,,69.96655655,178.2237,,69.94467551,123.4641,,69.88316677,187.4492,,69.98001036,291.6424,,69.88759024,216.6566,,69.97584268,293.9732,,69.93960913,218.1999,,69.80917223,199.2148,,69.78933774,202.5625
70.895761,160.5851,,70.92007491,128.037,,70.98016115,170.2174,,70.96607878,177.2242,,70.94388516,122.6211,,70.88149772,186.9995,,70.97972479,290.5722,,70.88598438,215.8444,,70.97549757,293.2863,,70.9387464,218.1487,,70.80644612,198.4722,,70.78632828,202.2736
71.89429285,160.1542,,71.91894921,127.1358,,71.97988173,169.5419,,71.96560102,176.1916,,71.94309481,121.6295,,71.87982867,186.4994,,71.97943923,289.6494,,71.88437853,215.1333,,71.97515247,292.6177,,71.93788368,218.2026,,71.80372001,197.5924,,71.78331881,201.9717
72.89282469,159.8342,,72.9178235,126.1219,,72.97960231,168.7975,,72.96512326,175.263,,72.94230446,120.5116,,72.87815963,186.1437,,72.97915366,288.7604,,72.88277268,214.444,,72.97480737,291.8388,,72.93702095,218.3255,,72.8009939,196.7448,,72.78030935,201.5943
73.89135654,159.5625,,73.9166978,124.8493,,73.97932289,167.9966,,73.96464549,174.3777,,73.94151411,119.4758,,73.87649058,185.8857,,73.97886809,287.9397,,73.88116682,213.6903,,73.97446226,290.7486,,73.93615822,218.1051,,73.79826779,196.0098,,73.77729989,201.2412
74.88988838,159.2791,,74.9155721,123.923,,74.97904347,167.194,,74.96416773,173.5643,,74.94072376,118.853,,74.87482153,185.5913,,74.97858253,287.4149,,74.87956097,212.7732,,74.97411715,289.6256,,74.93529549,217.763,,74.79554168,195.3413,,74.77429044,201.0318
75.88842023,158.983,,75.91444639,123.1433,,75.97876405,166.4338,,75.96368997,172.7101,,75.93993341,118.4442,,75.87315249,185.2055,,75.97829696,287.2725,,75.87795512,211.7488,,75.97377205,288.4838,,75.93443277,217.4588,,75.79281557,194.7681,,75.77128097,200.8399
76.88695207,158.7046,,76.91332068,122.1111,,76.97848463,165.8019,,76.9632122,171.8957,,76.93914306,118.2148,,76.87148344,184.5584,,76.9780114,287.3076,,76.87634926,210.8858,,76.97342695,287.6258,,76.93357004,217.1592,,76.79008946,194.2951,,76.76827151,200.575
77.88548392,158.4386,,77.91219497,120.8499,,77.97820521,165.0498,,77.96273444,171.0582,,77.93835271,117.9629,,77.8698144,183.8788,,77.97772583,287.3327,,77.87474341,210.1833,,77.97308184,287.2669,,77.93270731,216.8857,,77.78736334,193.8762,,77.76526205,200.1164
78.88401576,158.1869,,78.91106927,119.7442,,78.97792578,164.2091,,78.96225667,170.2633,,78.93756236,117.4893,,78.86814535,183.2483,,78.97744027,287.2944,,78.87313755,209.4577,,78.97273674,287.0521,,78.93184459,216.5675,,78.78463724,193.3891,,78.76225259,199.4489
79.88254761,157.9025,,79.90994357,118.9338,,79.97764636,163.3465,,79.96177891,169.3948,,79.93677201,116.8689,,79.86647631,182.6113,,79.9771547,286.9332,,79.8715317,208.7373,,79.97239163,286.8203,,79.93098186,216.1943,,79.78191112,192.9163,,79.75924313,198.9379
80.88107945,157.623,,80.90881786,118.4364,,80.97736694,162.5291,,80.96130115,168.6057,,80.93598166,116.1874,,80.86480726,181.8854,,80.97686913,286.3127,,80.86992585,207.9534,,80.97204653,286.3548,,80.93011913,215.7988,,80.77918501,192.215,,80.75623367,198.4424
81.8796113,157.4119,,81.90769215,118.2311,,81.97708752,161.7787,,81.96082338,167.8815,,81.93519131,115.3141,,81.86313821,181.0363,,81.97658357,285.6034,,81.86831999,207.1056,,81.97170142,285.621,,81.92925641,215.4901,,81.7764589,191.4779,,81.75322421,197.9439
82.87814314,157.1306,,82.90656645,118.006,,82.9768081,160.8468,,82.96034562,167.0625,,82.93440096,114.5768,,82.86146917,180.196,,82.976298,284.8794,,82.86671414,206.3109,,82.97135632,284.7913,,82.92839368,215.193,,82.77373279,190.8024,,82.75021474,197.5227
83.87667499,156.7125,,83.90544074,117.8746,,83.97652868,159.4275,,83.95986786,166.2775,,83.93361061,113.8978,,83.85980012,179.3822,,83.97601243,283.9779,,83.86510829,205.6149,,83.97101121,283.9091,,83.92753095,214.8367,,83.77100668,190.0536,,83.74720528,197.2402
84.87520684,156.1707,,84.90431504,117.8598,,84.97624926,157.6729,,84.95939009,165.5277,,84.93282026,113.1974,,84.85813107,178.556,,84.97572686,283.134,,84.86350243,204.8999,,84.97066611,283.086,,84.92666823,214.4892,,84.76828057,189.2893,,84.74419582,197.0359
85.87373868,155.5635,,85.90318933,117.8438,,85.97596984,155.9408,,85.95891233,164.8976,,85.93202991,112.4684,,85.85646203,177.682,,85.9754413,282.3805,,85.86189658,204.0993,,85.97032101,282.2478,,85.9258055,214.0641,,85.76555446,188.6401,,85.74118636,196.8236
86.87227052,155.137,,86.90206363,117.8198,,86.97569042,154.1963,,86.95843456,164.241,,86.93123956,111.7508,,86.85479298,176.6443,,86.97515573,281.7268,,86.86029072,203.1683,,86.9699759,281.5734,,86.92494277,213.6015,,86.76282835,188.1087,,86.7381769,196.5813
87.87080237,154.9575,,87.90093792,117.8183,,87.975411,152.4077,,87.9579568,163.5502,,87.93044921,111.0388,,87.85312393,175.5148,,87.97487017,281.0916,,87.85868487,202.1878,,87.96963079,280.9955,,87.92408005,213.0006,,87.76010224,187.7027,,87.73516744,196.3074
88.86933421,154.8641,,88.89981222,117.8537,,88.97513158,150.8369,,88.95747904,162.8645,,88.92965886,110.2851,,88.85145489,174.3521,,88.9745846,280.3232,,88.85707902,201.2579,,88.96928569,280.3252,,88.92321732,212.3924,,88.75737612,187.2947,,88.73215798,195.9603
89.86786606,154.8116,,89.89868651,118.0336,,89.97485216,149.063,,89.95700127,162.1822,,89.92886851,109.5739,,89.84978584,173.2532,,89.97429903,279.408,,89.85547316,200.3941,,89.96894059,279.5873,,89.92235459,211.781,,89.75465001,186.4736,,89.72914852,195.5523
90.86639791,154.7955,,90.8975608,118.3585,,90.97457274,147.5337,,90.95652351,161.5173,,90.92807816,108.9568,,90.8481168,172.2534,,90.97401347,278.5178,,90.85386731,199.5521,,90.96859548,278.9315,,90.92149187,211.0092,,90.7519239,185.3089,,90.72613906,195.1632
91.86492975,154.7982,,91.8964351,118.7362,,91.97429332,146.6137,,91.95604574,160.8703,,91.92728781,108.3454,,91.84644775,171.426,,91.9737279,277.6245,,91.85226146,198.8189,,91.96825038,278.2363,,91.92062914,210.4572,,91.74919779,184.2004,,91.7231296,194.8813
92.8634616,154.8027,,92.89530939,119.2603,,92.9740139,145.984,,92.95556798,160.357,,92.92649746,107.7314,,92.8447787,170.5325,,92.97344233,276.7254,,92.85065561,198.1902,,92.96790527,277.5617,,92.91976641,210.1261,,92.74647168,183.5699,,92.72012013,194.6253
93.86199344,154.7302,,93.89418369,119.9133,,93.97373448,145.4521,,93.95509022,159.7684,,93.92570711,107.1367,,93.84310966,169.5588,,93.97315677,275.7358,,93.84904975,197.5863,,93.96756017,276.9776,,93.91890369,209.8637,,93.74374557,183.4206,,93.71711067,194.3439
94.86052528,154.4357,,94.89305798,120.6218,,94.97345506,144.7877,,94.95461245,159.0576,,94.92491676,106.4676,,94.84144061,168.6956,,94.9728712,274.659,,94.8474439,197.0404,,94.96721506,276.4266,,94.91804096,209.5299,,94.74101946,183.4077,,94.71410121,194.0606
95.85905713,153.9485,,95.89193228,121.189,,95.97317564,144.0384,,95.95413469,158.3997,,95.92412641,105.7402,,95.83977156,167.9316,,95.97258564,273.6055,,95.84583804,196.5892,,95.96686996,275.8629,,95.91717823,209.0829,,95.73829335,183.389,,95.71109175,193.8256
96.85758897,153.4693,,96.89080657,121.6216,,96.97289622,143.3362,,96.95365693,157.6865,,96.92333606,104.9478,,96.83810252,167.1879,,96.97230007,272.5796,,96.84423219,196.2105,,96.96652485,275.4677,,96.91631551,208.4219,,96.73556724,183.3669,,96.70808229,193.6533
97.85612082,153.0831,,97.88968087,122.1218,,97.9726168,142.6543,,97.95317916,156.9638,,97.92254571,104.1345,,97.83643347,166.5869,,97.97201451,271.513,,97.84262634,195.8838,,97.96617975,275.1132,,97.91545278,207.6351,,97.73284113,183.3455,,97.70507283,193.471
98.85465266,152.7743,,98.88855516,122.5331,,98.97233738,142.0763,,98.9527014,156.3006,,98.92175536,103.4471,,98.83476443,165.9252,,98.97172894,270.6905,,98.84102048,195.5831,,98.96583464,274.5084,,98.91459005,206.9337,,98.73011502,183.3116,,98.70206337,193.2635
99.85318451,152.4869,,99.88742946,123.0196,,99.97205796,141.6584,,99.95222364,155.6174,,99.92096501,102.8711,,99.83309538,165.008,,99.97144337,270.1612,,99.83941463,195.2317,,99.96548954,273.7109,,99.91372733,206.3467,,99.72738891,183.2298,,99.69905391,192.9664
100.8517164,152.1529,,100.8863038,123.6586,,100.9717785,141.347,,100.9517459,154.9776,,100.9201747,102.2006,,100.8314263,164.0013,,100.9711578,269.746,,100.8378088,194.7302,,100.9651444,272.8565,,100.9128646,205.7778,,100.7246628,182.9662,,100.6960444,192.4989
101.8502482,151.601,,101.885178,124.3388,,101.9714991,141.0608,,101.9512681,154.3725,,101.9193843,101.4563,,101.8297573,163.0102,,101.9708722,269.2539,,101.8362029,194.0799,,101.9647993,272.1822,,101.9120019,205.1965,,101.7219367,182.4382,,101.693035,192.0005
102.84878,150.7893,,102.8840523,125.0688,,102.9712197,140.7688,,102.9507903,153.7931,,102.918594,100.4969,,102.8280882,162.0244,,102.9705867,268.7228,,102.8345971,193.3747,,102.9644542,271.8305,,102.9111391,204.5475,,102.7192106,181.6828,,102.6900255,191.5452
103.8473119,149.9266,,103.8829266,125.8246,,103.9709403,140.3714,,103.9503126,153.1889,,103.9178036,99.3964,,103.8264192,161.0533,,103.9703011,268.1944,,103.8329912,192.7328,,103.9641091,271.6291,,103.9102764,203.8153,,103.7164845,180.7594,,103.6870161,191.0812
104.8458437,149.1131,,104.8818009,126.3785,,104.9706609,140.0242,,104.9498348,152.6169,,104.9170133,98.2418,,104.8247501,160.0762,,104.9700155,267.6377,,104.8313854,192.1739,,104.963764,271.4123,,104.9094137,203.0396,,104.7137583,179.9507,,104.6840066,190.5988
105.8443756,148.3777,,105.8806752,126.7688,,105.9703814,139.8383,,105.9493571,152.1601,,105.9162229,96.9387,,105.8230811,159.0655,,105.96973,266.9777,,105.8297795,191.4948,,105.9634189,270.9389,,105.908551,202.2467,,105.7110322,179.2593,,105.6809971,190.1384
106.8429074,147.7044,,106.8795495,127.1531,,106.970102,139.7673,,106.9488793,151.5517,,106.9154326,95.5725,,106.8214121,157.9634,,106.9694444,266.12,,106.8281737,190.5914,,106.9630738,270.0311,,106.9076882,201.4363,,106.7083061,178.6202,,106.6779877,189.6579
107.8414393,146.9838,,107.8784238,127.5943,,107.9698226,139.7482,,107.9484015,150.8577,,107.9146422,94.193,,107.819743,156.8121,,107.9691588,265.2274,,107.8265678,189.5732,,107.9627287,269.1017,,107.9068255,200.6146,,107.70558,178.0544,,107.6749782,189.0701
108.8399711,146.1081,,108.8772981,128.0157,,108.9695432,139.7219,,108.9479238,150.1326,,108.9138519,92.9137,,108.818074,155.7562,,108.9688733,264.4025,,108.8249619,188.6193,,108.9623836,268.1732,,108.9059628,199.8358,,108.7028539,177.56,,108.6719688,188.4659
109.838503,145.1313,,109.8761724,128.3858,,109.9692638,139.6833,,109.947446,149.4663,,109.9130615,92.0103,,109.8164049,154.7206,,109.9685877,263.5566,,109.8233561,187.6217,,109.9620385,266.8715,,109.9051001,199.0876,,109.7001278,177.159,,109.6689593,187.8604
110.8370348,144.1161,,110.8750467,128.7738,,110.9689843,139.6023,,110.9469682,148.8404,,110.9122712,91.5445,,110.8147359,153.6905,,110.9683021,262.7029,,110.8217502,186.7465,,110.9616934,265.7156,,110.9042373,198.4476,,110.6974017,176.7773,,110.6659498,187.199
111.8355667,142.9433,,111.873921,129.3719,,111.9687049,139.4928,,111.9464905,148.2324,,111.9114808,91.3378,,111.8130668,152.7235,,111.9680166,261.9893,,111.8201444,186.1928,,111.9613483,264.9099,,111.9033746,197.8419,,111.6946756,176.3883,,111.6629404,186.4879
112.8340985,141.5104,,112.8727953,130.2023,,112.9684255,139.3294,,112.9460127,147.6225,,112.9106905,91.275,,112.8113978,151.7375,,112.967731,261.3798,,112.8185385,185.4964,,112.9610032,264.3241,,112.9025119,197.1879,,112.6919495,175.9686,,112.6599309,186.0516
113.8326303,140.1011,,113.8716696,130.9622,,113.9681461,139.0465,,113.9455349,147.0075,,113.9099001,91.2402,,113.8097287,150.7235,,113.9674454,260.7673,,113.8169327,184.6917,,113.9606581,263.8385,,113.9016492,196.3056,,113.6892234,175.3816,,113.6569215,185.71
114.8311622,138.8907,,114.8705439,131.6102,,114.9678666,138.5051,,114.9450572,146.4383,,114.9091098,91.2232,,114.8080597,149.9124,,114.9671599,260.1922,,114.8153268,183.8279,,114.960313,263.5194,,114.9007864,195.5097,,114.6864972,174.5633,,114.653912,185.2622
115.829694,137.5445,,115.8694182,132.1193,,115.9675872,137.7128,,115.9445794,145.9107,,115.9083194,91.221,,115.8063906,149.1916,,115.9668743,259.7323,,115.813721,182.9305,,115.9599679,263.2749,,115.8999237,194.6815,,115.6837711,173.6779,,115.6509025,184.6512
116.8282259,136.0009,,116.8682925,132.5596,,116.9673078,136.655,,116.9441017,145.5878,,116.9075291,91.0754,,116.8047216,148.3887,,116.9665887,259.2677,,116.8121151,182.3072,,116.9596228,262.9085,,116.899061,193.9421,,116.681045,172.7427,,116.6478931,183.9734
117.8267577,134.544,,117.8671668,132.7853,,117.9670284,135.641,,117.9436239,145.4015,,117.9067387,90.594,,117.8030525,147.5578,,117.9663032,258.6575,,117.8105093,181.843,,117.9592777,262.5163,,117.8981982,193.435,,117.6783189,172.0196,,117.6448836,183.2772
118.8252896,133.4961,,118.8660411,132.9191,,118.966749,134.7486,,118.9431461,145.2597,,118.9059484,89.8841,,118.8013835,146.7238,,118.9660176,258.0269,,118.8089034,181.2957,,118.9589326,262.0675,,118.8973355,193.0727,,118.6755928,171.622,,118.6418742,182.5838
119.8238214,132.7245,,119.8649153,133.0942,,119.9664695,133.9217,,119.9426684,145.1575,,119.905158,89.2396,,119.7997145,145.8259,,119.965732,257.2617,,119.8072976,180.5855,,119.9585874,261.5316,,119.8964728,192.8493,,119.6728667,171.4627,,119.6388647,181.8881
120.8223533,132.1338,,120.8637896,133.4097,,120.9661901,133.0601,,120.9421906,145.0628,,120.9043677,88.5335,,120.7980454,144.9105,,120.9654465,256.3238,,120.8056917,179.8343,,120.9582423,260.9366,,120.8956101,192.805,,120.6701406,171.3742,,120.6358552,181.173
121.8208851,131.5152,,121.8626639,134.0731,,121.9659107,132.232,,121.9417128,144.9134,,121.9035773,87.8129,,121.7963764,144.0881,,121.9651609,255.5461,,121.8040858,179.1534,,121.9578972,260.1975,,121.8947473,192.8049,,121.6674145,171.1921,,121.6328458,180.4488
122.8194169,131.0274,,122.8615382,134.8363,,122.9656313,131.3831,,122.9412351,144.7335,,122.902787,87.0587,,122.7947073,143.254,,122.9648753,254.9001,,122.80248,178.4966,,122.9575521,259.4003,,122.8938846,192.7827,,122.6646884,170.8454,,122.6298363,179.7625
123.8179488,130.9498,,123.8604125,135.5117,,123.9653519,130.4653,,123.9407573,144.5526,,123.9019966,86.3278,,123.7930383,142.294,,123.9645898,254.2612,,123.8008741,177.799,,123.957207,258.6742,,123.8930219,192.6558,,123.6619622,170.3609,,123.6268268,179.1554
124.8164806,130.9498,,124.8592868,136.1169,,124.9650724,129.4969,,124.9402795,144.4292,,124.9012063,85.6154,,124.7913692,141.1493,,124.9643042,253.6076,,124.7992683,177.066,,124.9568619,257.8635,,124.8921592,192.0027,,124.6592361,169.8992,,124.6238174,178.6999
125.8150125,130.9499,,125.8581611,136.803,,125.964793,128.5276,,125.9398018,144.4061,,125.9004159,84.8921,,125.7897002,140.0096,,125.9640186,252.918,,125.7976624,176.1621,,125.9565168,256.8188,,125.8912964,190.9774,,125.65651,169.4054,,125.6208079,178.3535
126.8135443,130.9499,,126.8570354,137.5509,,126.9645136,127.5711,,126.939324,144.2059,,126.8996256,84.1541,,126.7880311,139.0928,,126.9637331,252.0189,,126.7960566,175.0949,,126.9561717,255.7731,,126.8904337,189.9225,,126.6537839,168.8138,,126.6177985,177.9682
127.8120762,130.95,,127.8559097,138.4423,,127.9642342,126.6286,,127.9388463,143.7053,,127.8988352,83.4038,,127.7863621,138.1756,,127.9634475,251.0474,,127.7944507,173.9881,,127.9558266,254.9269,,127.889571,188.9648,,127.6510578,167.9891,,127.614789,177.6226
128.810608,130.9501,,128.854784,139.543,,128.9639548,125.646,,128.9383685,143.0988,,128.8980449,82.5432,,128.784693,137.2311,,128.963162,250.1021,,128.7928449,173.0738,,128.9554815,254.1948,,128.8887082,188.0032,,128.6483317,167.1936,,128.6117795,177.1085
129.8091399,130.9501,,129.8536583,140.5588,,129.9636753,124.8073,,129.9378907,142.6123,,129.8972545,81.6454,,129.783024,136.2431,,129.9628764,249.4548,,129.791239,172.4341,,129.9551364,253.5011,,129.8878455,187.046,,129.6456056,166.5382,,129.6087701,176.217
130.8076717,130.9502,,130.8525326,141.2266,,130.9633959,124.0272,,130.937413,141.8938,,130.8964642,80.6553,,130.7813549,135.2736,,130.9625908,249.1163,,130.7896332,171.7995,,130.9547913,252.8175,,130.8869828,186.1414,,130.6428795,165.6669,,130.6057606,175.1489
131.8062036,130.9502,,131.8514069,141.5063,,131.9631165,122.9564,,131.9369352,141.0159,,131.8956738,79.7343,,131.7796859,134.4875,,131.9623052,248.7992,,131.7880273,171.1819,,131.9544462,252.0232,,131.8861201,185.3633,,131.6401534,164.5548,,131.6027512,174.0037
132.8047354,130.9503,,132.8502812,141.5605,,132.9628371,121.5514,,132.9364574,140.1233,,132.8948835,78.8853,,132.7780169,133.5956,,132.9620197,248.493,,132.7864215,170.6442,,132.9541011,251.1868,,132.8852573,184.8333,,132.6374272,163.5059,,132.5997417,172.9651
133.8032672,130.9504,,133.8491555,141.5575,,133.9625577,120.0461,,133.9359797,139.6613,,133.8940931,78.1326,,133.7763478,132.7342,,133.9617341,248.2146,,133.7848156,170.0267,,133.953756,250.4691,,133.8843946,184.2219,,133.6347011,162.5118,,133.5967322,172.0358
134.8017991,130.9504,,134.8480298,141.5743,,134.9622782,118.5614,,134.9355019,139.3345,,134.8933028,77.3797,,134.7746788,131.8888,,134.9614486,247.8954,,134.7832097,169.3472,,134.9534109,249.8177,,134.8835319,183.5241,,134.631975,161.4236,,134.5937228,171.0965
135.8003309,130.9505,,135.8469041,141.6867,,135.9619988,117.046,,135.9350241,139.1892,,135.8925124,76.6549,,135.7730097,131.0185,,135.961163,247.3145,,135.7816039,168.8057,,135.9530658,249.1525,,135.8826692,182.8389,,135.6292489,160.1501,,135.5907133,170.1051
136.7988628,130.9505,,136.8457784,142.0254,,136.9617194,115.549,,136.9345464,138.9946,,136.8917221,75.9868,,136.7713407,130.1515,,136.9608774,246.5677,,136.779998,168.497,,136.9527207,248.3973,,136.8818064,182.2264,,136.6265228,158.826,,136.5877039,169.0255
137.7973946,130.9506,,137.8446526,142.5924,,137.96144,114.129,,137.9340686,138.7667,,137.8909317,75.367,,137.7696716,129.4834,,137.9605919,245.9432,,137.7783922,168.2227,,137.9523756,247.581,,137.8809437,181.6525,,137.6237967,157.0178,,137.5846944,168.1536
138.7959265,130.9525,,138.8435269,143.5467,,138.9611606,112.9151,,138.9335909,138.6131,,138.8901414,74.7317,,138.7680026,128.8248,,138.9603063,245.4213,,138.7767863,167.9875,,138.9520305,246.804,,138.880081,181.14,,138.6210706,155.0215,,138.5816849,167.4123
139.7944583,131.0747,,139.8424012,144.697,,139.9608811,111.757,,139.9331131,138.4724,,139.889351,74.1537,,139.7663335,128.05,,139.9600207,244.8562,,139.7751805,167.862,,139.9516854,246.0952,,139.8792183,180.6779,,139.6183445,153.645,,139.5786755,166.6123
140.7929902,131.5512,,140.8412755,145.7885,,140.9606017,110.6898,,140.9326353,138.3383,,140.8885607,73.5538,,140.7646645,127.2397,,140.9597352,244.355,,140.7735746,167.8482,,140.9513403,245.4003,,140.8783555,180.1981,,140.6156184,152.8429,,140.575666,165.793
141.791522,132.127,,141.8401498,146.4878,,141.9603223,109.609,,141.9321576,138.1667,,141.8877703,72.9315,,141.7629954,126.4486,,141.9594496,243.8334,,141.7719688,167.7907,,141.9509951,244.6854,,141.8774928,179.6938,,141.6128922,152.5092,,141.5726566,164.8713
142.7900538,132.3985,,142.8390241,146.8995,,142.9600429,108.5312,,142.9316798,137.9417,,142.88698,72.4357,,142.7613264,125.6618,,142.959164,243.2915,,142.7703629,167.6057,,142.95065,243.9361,,142.8766301,179.1327,,142.6101661,152.4172,,142.5696471,163.8272
143.7885857,132.6148,,143.8378984,147.2593,,143.9597635,107.374,,143.931202,137.5919,,143.8861896,72.0398,,143.7596573,124.8695,,143.9588785,242.7826,,143.7687571,167.3536,,143.9503049,243.1535,,143.8757674,178.6335,,143.60744,152.413,,143.5666376,162.6521
144.7871175,132.8104,,144.8367727,147.6305,,144.959484,106.1451,,144.9307243,137.131,,144.8853993,71.464,,144.7579883,124.0065,,144.9585929,242.3652,,144.7671512,166.9897,,144.9499598,242.3777,,144.8749046,178.2434,,144.6047139,152.4345,,144.5636282,161.6569
145.7856494,133.0957,,145.835647,147.9601,,145.9592046,105.1841,,145.9302465,136.4662,,145.8846089,70.7609,,145.7563193,123.103,,145.9583073,241.8715,,145.7655454,166.5399,,145.9496147,241.674,,145.8740419,177.7644,,145.6019878,152.4492,,145.5606187,160.9331
146.7841812,133.4665,,146.8345213,148.1747,,146.9589252,104.152,,146.9297687,135.6667,,146.8838186,70.1292,,146.7546502,122.1846,,146.9580218,241.0454,,146.7639395,166.0425,,146.9492696,240.9669,,146.8731792,177.2423,,146.5992617,152.4949,,146.5576092,160.3963
147.7827131,133.8527,,147.8333956,148.3428,,147.9586458,103.0755,,147.929291,134.7695,,147.8830282,69.4559,,147.7529812,121.2544,,147.9577362,240.0702,,147.7623336,165.4861,,147.9489245,240.1507,,147.8723164,176.7908,,147.5965356,152.5404,,147.5545998,159.9752
148.7812449,134.1529,,148.8322699,148.4982,,148.9583664,102.2624,,148.9288132,133.9523,,148.8822379,68.7728,,148.7513121,120.3192,,148.9574506,238.9988,,148.7607278,164.8826,,148.9485794,239.2911,,148.8714537,176.4025,,148.5938095,152.566,,148.5515903,159.6328
149.7797768,134.3689,,149.8311442,148.7137,,149.9580869,101.3662,,149.9283355,133.2396,,149.8814475,68.0948,,149.7496431,119.3821,,149.9571651,237.8773,,149.7591219,164.2701,,149.9482343,238.4902,,149.870591,175.797,,149.5910834,152.5682,,149.5485809,159.2106
150.7783086,134.5144,,150.8300185,148.9865,,150.9578075,100.332,,150.9278577,132.4026,,150.8806572,67.4749,,150.747974,118.432,,150.9568795,236.6168,,150.7575161,163.719,,150.9478892,237.7361,,150.8697283,175.1094,,150.5883572,152.5603,,150.5455714,158.8016
151.7768405,134.5955,,151.8288928,149.2753,,151.9575281,99.9326,,151.9273799,131.4664,,151.8798668,67.058,,151.746305,117.4751,,151.9565939,235.2277,,151.7559102,163.2798,,151.9475441,236.983,,151.8688655,174.4802,,151.5856311,152.5261,,151.5425619,158.5599
152.7753723,134.6523,,152.8277671,149.6747,,152.9572487,99.9193,,152.9269022,130.5112,,152.8790765,66.6889,,152.7446359,116.5226,,152.9563084,233.8376,,152.7543044,162.869,,152.947199,236.1503,,152.8680028,174.0571,,152.582905,152.57,,152.5395525,158.4065
153.7739041,134.7132,,153.8266414,150.0692,,153.9569693,99.919,,153.9264244,129.6442,,153.8782861,66.3997,,153.7429669,115.5603,,153.9560228,232.488,,153.7526985,162.38,,153.9468539,235.2223,,153.8671401,173.7696,,153.5801789,152.6856,,153.536543,158.2315
154.772436,134.7723,,154.8255157,150.4164,,154.9566898,99.9185,,154.9259466,128.8239,,154.8774958,66.2742,,154.7412978,114.5857,,154.9557372,231.2654,,154.7510927,161.862,,154.9465088,234.3776,,154.8662774,173.4413,,154.5774528,152.8271,,154.5335336,157.998
155.7709678,134.8635,,155.82439,150.697,,155.9564104,99.918,,155.9254689,127.9569,,155.8767054,66.2656,,155.7396288,113.5861,,155.9554517,230.4721,,155.7494868,161.3075,,155.9461637,233.654,,155.8654146,173.1205,,155.5747267,153.1242,,155.5305241,157.9107
156.7694997,135.04,,156.8232642,151.0473,,156.956131,99.9176,,156.9249911,126.9406,,156.8759151,66.3495,,156.7379597,112.5673,,156.9551661,230.0033,,156.747881,160.7056,,156.9458186,232.8706,,156.8645519,172.7931,,156.5720006,153.4569,,156.5275146,158.0984
157.7680315,135.3005,,157.8221385,151.4899,,157.9558516,99.9172,,157.9245133,125.8349,,157.8751247,66.3927,,157.7362907,111.6827,,157.9548805,229.6361,,157.7462751,160.0865,,157.9454735,232.0736,,157.8636892,172.443,,157.5692745,153.7273,,157.5245052,158.5168
158.7665634,135.6379,,158.8210128,151.8622,,158.9555721,99.9168,,158.9240356,124.7737,,158.8743344,66.3092,,158.7346217,111.0437,,158.954595,229.1683,,158.7446693,159.499,,158.9451284,231.3292,,158.8628264,172.0807,,158.5665484,154.0104,,158.5214957,158.9137
159.7650952,136.1406,,159.8198871,152.2944,,159.9552927,99.9164,,159.9235578,123.8579,,159.873544,66.1381,,159.7329526,110.4769,,159.9543094,228.4769,,159.7430634,158.9404,,159.9447833,230.5738,,159.8619637,171.6941,,159.5638222,154.2224,,159.5184863,159.1906
160.7636271,136.7415,,160.8187614,152.8087,,160.9550133,99.9159,,160.9230801,123.0163,,160.8727537,65.8635,,160.7312836,109.7599,,160.9540238,227.6766,,160.7414576,158.3859,,160.9444382,229.7664,,160.861101,171.2546,,160.5610961,154.3873,,160.5154768,159.391
161.7621589,137.3246,,161.8176357,153.2858,,161.9547339,99.9154,,161.9226023,122.1867,,161.8719633,65.5705,,161.7296145,108.7959,,161.9537383,226.8701,,161.7398517,157.8233,,161.9440931,228.9796,,161.8602383,170.7962,,161.55837,154.679,,161.5124673,159.5651
162.7606908,138.0084,,162.81651,153.7065,,162.9544545,99.915,,162.9221245,121.3129,,162.871173,65.1998,,162.7279455,107.9394,,162.9534527,225.9942,,162.7382458,157.2667,,162.943748,228.231,,162.8593755,170.301,,162.5556439,155.1453,,162.5094579,159.8715
163.7592226,138.8071,,163.8153843,154.0992,,163.954175,99.9182,,163.9216468,120.5093,,163.8703826,64.9157,,163.7262764,107.2765,,163.9531671,225.1125,,163.73664,156.7246,,163.9434028,227.4503,,163.8585128,169.6859,,163.5529178,155.6028,,163.5064484,160.2349
164.7577544,139.4498,,164.8142586,154.4665,,164.9538956,100.0655,,164.921169,119.6164,,164.8695923,64.7724,,164.7246074,106.6572,,164.9528816,224.118,,164.7350341,156.1856,,164.9430577,226.5993,,164.8576501,169.0128,,164.5501917,156.0569,,164.503439,160.6803
165.7562863,139.6924,,165.8131329,154.8155,,165.9536162,100.6053,,165.9206912,118.6799,,165.8688019,64.6415,,165.7229383,106.0794,,165.952596,223.113,,165.7334283,155.6351,,165.9427126,225.7822,,165.8567874,168.3591,,165.5474656,156.511,,165.5004295,161.3718
166.7548181,139.7766,,166.8120072,155.1826,,166.9533368,101.0888,,166.9202135,117.7425,,166.8680116,64.3337,,166.7212693,105.5385,,166.9523104,222.1119,,166.7318224,155.0809,,166.9423675,225.0189,,166.8559246,167.7107,,166.5447395,156.9755,,166.49742,162.4848
167.75335,139.9719,,167.8108815,155.5566,,167.9530574,101.3151,,167.9197357,116.7133,,167.8672212,63.6253,,167.7196002,104.992,,167.9520249,221.3773,,167.7302166,154.5372,,167.9420224,224.229,,167.8550619,167.0719,,167.5420134,157.4193,,167.4944106,163.6519
168.7518818,140.2658,,168.8097558,155.99,,168.9527779,102.5232,,168.9192579,115.6511,,168.8664309,63.308,,168.7179312,104.3929,,168.9517393,220.9055,,168.7286107,154.0016,,168.9416773,223.4233,,168.8541992,166.4335,,168.5392872,157.8548,,168.4914011,164.7154
169.7504137,140.5585,,169.8086301,156.3854,,169.9524985,105.3894,,169.9187802,114.5312,,169.8656405,63.2564,,169.7162621,103.792,,169.9514537,220.5063,,169.7270049,153.5095,,169.9413322,222.7927,,169.8533365,165.9118,,169.5365611,158.2081,,169.4883916,165.3739
170.7489455,140.7648,,170.8075044,156.7818,,170.9522191,108.2973,,170.9183024,113.2331,,170.8648502,63.2561,,170.7145931,103.0808,,170.9511682,220.2999,,170.725399,153.0903,,170.9409871,222.306,,170.8524737,165.5497,,170.533835,158.563,,170.4853822,165.7185
171.7474774,140.9228,,171.8063787,157.1186,,171.9519397,110.5937,,171.9178247,112.0744,,171.8640598,63.2559,,171.7129241,102.3863,,171.9508826,220.4173,,171.7237932,152.6336,,171.940642,221.7779,,171.851611,165.4222,,171.5311089,159.0579,,171.4823727,165.9521
172.7460092,141.0969,,172.805253,157.4427,,172.9516603,112.4819,,172.9173469,111.2186,,172.8632695,63.2559,,172.711255,101.6758,,172.950597,220.8781,,172.7221873,151.9674,,172.9402969,221.0898,,172.8507483,165.3765,,172.5283828,159.5526,,172.4793633,166.1643
173.744541,141.2887,,173.8041273,157.7232,,173.9513808,114.3445,,173.9168691,110.506,,173.8624791,63.2559,,173.709586,100.9862,,173.9503115,222.1125,,173.7205815,151.2225,,173.9399518,220.3026,,173.8498855,165.3756,,173.5256567,159.803,,173.4763538,166.4559
174.7430729,141.47,,174.8030015,157.9718,,174.9511014,116.7059,,174.9163914,109.2407,,174.8616888,63.2559,,174.7079169,100.398,,174.9500259,224.3594,,174.7189756,150.611,,174.9396067,219.536,,174.8490228,165.3349,,174.5229306,160.0751,,174.4733443,167.0551
175.7416047,141.6667,,175.8018758,158.2303,,175.950822,118.5715,,175.9159136,108.0775,,175.8608984,63.2559,,175.7062479,99.7753,,175.9497403,226.7666,,175.7173697,150.1879,,175.9392616,218.759,,175.8481601,165.1584,,175.5202045,160.4494,,175.4703349,167.8144
176.7401366,141.8671,,176.8007501,158.4786,,176.9505426,120.1999,,176.9154358,107.1017,,176.8601081,63.2558,,176.7045788,99.0639,,176.9494548,228.3884,,176.7157639,149.8495,,176.9389165,217.959,,176.8472974,164.9244,,176.5174784,160.7934,,176.4673254,168.5516
177.7386684,142.0539,,177.7996244,158.7179,,177.9502632,121.605,,177.9149581,106.3571,,177.8593177,63.2558,,177.7029098,98.2011,,177.9491692,229.4917,,177.714158,149.4826,,177.9385714,217.1609,,177.8464346,164.7055,,177.5147523,161.1051,,177.464316,169.3134
178.7372003,142.2846,,,,,178.9499837,122.8554,,178.9144803,105.5323,,178.8585274,63.2558,,178.7012407,97.2908,,178.9488836,230.4867,,178.7125522,149.1802,,178.9382263,216.4178,,178.8455719,164.4752,,178.5120261,161.3468,,178.4613065,170.2057
179.7357321,142.524,,,,,179.9497043,124.1505,,179.9140025,104.6363,,179.857737,63.2557,,179.6995717,96.3252,,179.9485981,231.2806,,179.7109463,149.1418,,179.9378812,215.8235,,179.8447092,164.1855,,179.5093,161.5132,,179.458297,171.0507
180.734264,142.7601,,,,,180.9494249,125.5973,,180.9135248,103.7407,,180.8569467,63.2557,,180.6979026,95.3969,,180.9483125,231.8775,,180.7093405,149.3071,,180.9375361,215.2869,,180.8438465,163.9485,,180.5065739,161.6598,,180.4552876,171.7556
181.7327958,142.9573,,,,,181.9491455,126.8294,,181.913047,102.9782,,181.8561563,63.2556,,181.6962336,94.6392,,181.9480269,232.4417,,181.7077346,149.5049,,181.937191,214.6974,,181.8429837,163.6747,,181.5038478,161.805,,181.4522781,172.4223
182.7313277,143.1375,,,,,182.9488661,127.8637,,182.9125693,102.2244,,182.855366,63.2556,,182.6945645,93.8432,,182.9477414,233.0987,,182.7061288,149.708,,182.9368459,214.1397,,182.842121,163.2993,,182.5011217,161.913,,182.4492687,173.164
183.7298595,143.3441,,,,,183.9485866,128.7973,,183.9120915,101.513,,183.8545756,63.2556,,183.6928955,93.0849,,183.9474558,233.8245,,183.7045229,149.9152,,183.9365008,213.5052,,183.8412583,162.7339,,183.4983956,162.0039,,183.4462592,173.9081
184.7283913,143.5589,,,,,184.9483072,129.7515,,184.9116137,100.7124,,184.8537853,63.2594,,184.6912265,92.32,,184.9471702,234.5178,,184.7029171,150.1955,,184.9361556,212.6619,,184.8403956,162.1753,,184.4956695,162.1325,,184.4432497,174.5463
185.7269232,143.8069,,,,,185.9480278,130.6999,,185.911136,99.7549,,185.8529949,63.459,,185.6895574,91.6157,,185.9468847,235.2433,,185.7013112,150.679,,185.9358105,211.7337,,185.8395328,161.6044,,185.4929434,162.3733,,185.4402403,175.1209
186.725455,144.0792,,,,,186.9477484,131.5388,,186.9106582,98.8065,,186.8522046,63.9139,,186.6878884,90.9949,,186.9465991,236.0033,,186.6997054,151.3084,,186.9354654,210.788,,186.8386701,161.0817,,186.4902173,162.798,,186.4372308,175.5263
187.7239869,144.3552,,,,,187.947469,132.1641,,187.9101804,97.8654,,187.8514142,64.3627,,187.6862193,90.1818,,187.9463135,236.7551,,187.6980995,151.9605,,187.9351203,209.8596,,187.8378074,160.562,,187.4874911,163.33,,187.4342213,175.8595
188.7225187,144.5743,,,,,188.9471895,132.7738,,188.9097027,96.9904,,188.8506239,64.8796,,188.6845503,89.4129,,188.946028,237.491,,188.6964936,152.6336,,188.9347752,209.0472,,188.8369446,160.0641,,188.484765,163.7234,,188.4312119,176.4059
189.7210506,144.7453,,,,,189.9469101,133.4213,,189.9092249,96.1293,,189.8498335,65.3107,,189.6828812,88.693,,189.9457424,238.165,,189.6948878,153.3456,,189.9344301,208.3059,,189.8360819,159.6032,,189.4820389,163.916,,189.4282024,177.1894
190.7195824,144.9774,,,,,190.9466307,134.0544,,190.9087471,95.3805,,190.8490432,65.6922,,190.6812122,87.7877,,190.9454568,238.7745,,190.6932819,154.1125,,190.934085,207.6255,,190.8352192,159.1359,,190.4793128,164.0771,,190.425193,178.0851
191.7181143,145.1885,,,,,191.9463513,134.6822,,191.9082694,93.9189,,191.8482528,66.105,,191.6795431,86.7612,,191.9451713,239.4262,,191.6916761,154.9321,,191.9337399,206.9839,,191.8343565,158.3786,,191.4765867,164.2513,,191.4221835,178.9608
192.7166461,145.3916,,,,,192.9460719,135.191,,192.9077916,91.7669,,192.8474625,66.5057,,192.6778741,85.6185,,192.9448857,240.1251,,192.6900702,155.7765,,192.9333948,206.3025,,192.8334937,157.6495,,192.4738606,164.4846,,192.419174,179.5794
193.715178,145.6748,,,,,193.9457924,135.6551,,193.9073139,89.1323,,193.8466721,66.962,,193.676205,84.349,,193.9446001,240.932,,193.6884644,156.6285,,193.9330497,205.5596,,193.832631,157.2603,,193.4711345,164.8052,,193.4161646,180.0536
194.7137098,145.9509,,,,,194.945513,136.1512,,194.9068361,86.3862,,194.8458818,67.594,,194.674536,83.0978,,194.9443146,241.704,,194.6868585,157.4934,,194.9327046,204.7502,,194.8317683,156.999,,194.4684084,165.1272,,194.4131551,180.5269
195.7122416,146.2126,,,,,195.9452336,136.7513,,195.9063583,84.242,,195.8450914,68.435,,195.6728669,81.8914,,195.944029,242.3077,,195.6852527,158.3629,,195.9323595,203.9161,,195.8309056,156.6849,,195.4656823,165.445,,195.4101457,181.0885
196.7107735,146.5171,,,,,196.9449542,137.4087,,196.9058806,82.2418,,196.8443011,69.5728,,196.6711979,80.839,,196.9437434,242.863,,196.6836468,159.198,,196.9320144,203.0757,,196.8300428,156.3474,,196.4629561,165.7942,,196.4071362,181.7012
197.7093053,146.8334,,,,,197.9446748,138.0069,,197.9054028,80.6303,,197.8435107,71.1249,,197.6695289,79.7157,,197.9434579,243.4316,,197.682041,160.0047,,197.9316693,202.2346,,197.8291801,155.9741,,197.46023,166.1479,,197.4041267,182.395
198.7078372,147.2148,,,,,198.9443953,138.5658,,198.904925,79.8264,,198.8427204,73.1558,,198.6678598,78.2984,,198.9431723,243.9316,,198.6804351,160.8577,,198.9313242,201.3872,,198.8283174,155.5568,,198.4575039,166.5464,,198.4011173,183.1491
199.706369,147.6828,,,,,199.9441159,139.0532,,199.9044473,79.5887,,199.84193,75.1974,,199.6661908,76.8686,,199.9428867,244.5379,,199.6788293,161.7726,,199.9309791,200.538,,199.8274546,154.9381,,199.4547778,166.9308,,199.3981078,183.923
200.7049009,148.0665,,,,,200.9438365,139.5326,,200.9039695,79.5793,,200.8411397,76.8345,,200.6645217,75.7318,,200.9426012,245.2753,,200.6772234,162.6584,,200.930634,199.7251,,200.8265919,154.1769,,200.4520517,167.2298,,200.3950984,184.7951
201.7034327,148.3705,,,,,201.9435571,140.0488,,201.9034917,79.5792,,201.8403493,77.9868,,201.6628527,74.9676,,201.9423156,246.1315,,201.6756175,163.5528,,201.9302889,199.1234,,201.8257292,153.3402,,201.4493256,167.4916,,201.3920889,185.6779
202.7019646,148.7094,,,,,202.9432776,140.5414,,202.903014,79.5791,,202.839559,78.8899,,202.6611836,74.5122,,202.94203,247.027,,202.6740117,164.5521,,202.9299438,198.8734,,202.8248665,152.5648,,202.4465995,167.7555,,202.3890794,186.553
203.7004964,149.0083,,,,,203.9429982,140.9829,,203.9025362,79.579,,203.8387686,79.8786,,203.6595146,74.1067,,203.9417445,247.8844,,203.6724058,165.5805,,203.9295987,198.7914,,203.8240037,152.0317,,203.4438734,168.0997,,203.38607,187.4175
204.6990282,149.2644,,,,,204.9427188,141.4314,,204.9020585,79.579,,204.8379783,80.9586,,204.6578455,73.281,,204.9414589,248.698,,204.6708,166.5441,,204.9292536,198.688,,204.823141,151.5445,,204.4411473,168.3839,,204.3830605,188.0994
205.6975601,149.5298,,,,,205.9424394,142.0287,,205.9015807,79.5789,,205.8371879,82.0602,,205.6561765,71.9177,,205.9411733,249.5183,,205.6691941,167.4296,,205.9289085,198.3869,,205.8222783,151.0625,,205.4384211,168.6465,,205.3800511,188.7097
206.6960919,149.8056,,,,,206.94216,142.7598,,206.9011029,79.5788,,206.8363976,83.1214,,206.6545074,70.4589,,206.9408878,250.389,,206.6675883,168.2397,,206.9285633,197.8098,,206.8214156,150.5574,,206.435695,168.9798,,206.3770416,189.2777
207.6946238,150.1468,,,,,207.9418805,143.6903,,207.9006252,79.5787,,207.8356072,84.1374,,207.6528384,68.8229,,207.9406022,251.2701,,207.6659824,169.0075,,207.9282182,197.1303,,207.8205528,150.0263,,207.4329689,169.4298,,207.3740321,190.0679
208.6931556,150.4614,,,,,208.9416011,144.7499,,208.9001474,79.5786,,208.8348169,85.0562,,208.6511693,67.2755,,208.9403166,252.0081,,208.6643766,169.8488,,208.9278731,196.4704,,208.8196901,149.4888,,208.4302428,169.8282,,208.3710227,190.9976
209.6916875,150.7426,,,,,209.9413217,145.3066,,209.8996696,79.5786,,209.8340265,85.9355,,209.6495003,66.0781,,209.9400311,252.6564,,209.6627707,170.674,,209.927528,195.8052,,209.8188274,148.9252,,209.4275167,170.0672,,209.3680132,191.9245
210.6902193,151.0063,,,,,210.9410423,145.8179,,210.8991919,79.5785,,210.8332362,86.7881,,210.6478313,65.0918,,210.9397455,253.3176,,210.6611649,171.4598,,210.9271829,195.1236,,210.8179647,148.3249,,210.4247906,170.2633,,210.3650037,192.7006
211.6887512,151.2717,,,,,211.9407629,146.4818,,211.8987141,79.5784,,211.8324458,87.6672,,211.6461622,64.2162,,211.9394599,253.9666,,211.659559,172.364,,211.9268378,194.4636,,211.8171019,147.4543,,211.4220645,170.3537,,211.3619943,193.198
212.687283,151.5695,,,,,212.9404834,147.1591,,212.8982363,79.5783,,212.8316555,88.5803,,212.6444932,63.5478,,212.9391744,254.6571,,212.6579532,173.3431,,212.9264927,193.9189,,212.8162392,146.565,,212.4193384,170.447,,212.3589848,193.4311
213.6858149,151.9163,,,,,213.940204,148.0987,,213.8977586,79.5785,,213.8308651,89.5227,,213.6428241,62.95,,213.9388888,255.3899,,213.6563473,174.2497,,213.9261476,193.5332,,213.8153765,145.8177,,213.4166123,170.7018,,213.3559754,193.6472
214.6843467,152.2955,,,,,214.9399246,149.2617,,214.8972808,79.5818,,214.8300748,90.3344,,214.6411551,62.4668,,214.9386032,256.1785,,214.6547414,174.9986,,214.9258025,193.0597,,214.8145137,145.2112,,214.4138861,171.1132,,214.3529659,193.7571
215.6828785,152.6494,,,,,215.9396452,150.3122,,215.8968031,79.853,,215.8292844,91.0665,,215.639486,62.0687,,215.9383177,256.9728,,215.6531356,175.6298,,215.9254574,192.3584,,215.813651,144.3184,,215.41116,171.6366,,215.3499564,193.8225
216.6814104,153.0254,,,,,216.9393658,151.2443,,216.8963253,80.3071,,216.8284941,91.803,,216.637817,61.8889,,216.9380321,257.7423,,216.6515297,176.2879,,216.9251123,191.5797,,216.8127883,143.3318,,216.4084339,172.0962,,216.346947,193.9428
217.6799422,153.3899,,,,,217.9390863,151.9742,,217.8958475,80.7335,,217.8277037,92.5136,,217.6361479,61.8059,,217.9377465,258.4899,,217.6499239,176.9942,,217.9247672,190.7745,,217.8119256,142.5441,,217.4057078,172.4994,,217.3439375,194.1273
218.6784741,153.7195,,,,,218.9388069,152.6199,,218.8953698,80.9862,,218.8269134,93.2453,,218.6344789,61.6885,,218.937461,259.2911,,218.648318,177.7526,,218.9244221,189.9535,,218.8110628,141.926,,218.4029817,172.9037,,218.3409281,194.4953
219.6770059,154.0433,,,,,219.9385275,153.1945,,219.894892,81.2576,,219.826123,93.9851,,219.6328098,61.5642,,219.9371754,260.1766,,219.6467122,178.551,,219.924077,189.1294,,219.8102001,141.6432,,219.4002556,173.4026,,219.3379186,195.0178
220.6755378,154.3647,,,,,220.9382481,153.8216,,220.8944142,81.6634,,220.8253327,94.7269,,220.6311408,61.4743,,220.9368898,260.8645,,220.6451063,179.3165,,220.9237319,188.3061,,220.8093374,141.4277,,220.3975295,173.9865,,220.3349091,195.5786
221.6740696,154.6704,,,,,221.9379687,154.5943,,221.8939365,82.1496,,221.8245423,95.5332,,221.6294717,61.4926,,221.9366043,261.3726,,221.6435005,180.0612,,221.9233868,187.4884,,221.8084747,141.3942,,221.3948034,174.6348,,221.3318997,196.2558
222.6726015,154.9813,,,,,222.9376892,155.5602,,222.8934587,82.5071,,222.823752,96.6233,,222.6278027,61.5792,,222.9363187,261.7253,,222.6418946,180.9079,,222.9230417,186.676,,222.8076119,141.4792,,222.3920773,175.1956,,222.3288902,196.9064
223.6711333,155.3139,,,,,223.9374098,156.237,,223.8929809,82.8847,,223.8229616,97.9825,,223.6261337,61.6424,,223.9360332,261.8709,,223.6402888,181.8189,,223.9226966,185.8433,,223.8067492,141.5023,,223.3893511,175.546,,223.3258808,197.4543
224.6696651,155.6031,,,,,224.9371304,156.8333,,224.8925032,83.3769,,224.8221713,99.5201,,224.6244646,61.6789,,224.9357476,261.999,,224.6386829,182.7157,,224.9223515,185.0113,,224.8058865,141.3619,,224.386625,175.6788,,224.3228713,198.0496
225.668197,155.8417,,,,,225.936851,157.5239,,225.8920254,84.0766,,225.8213809,101.1233,,225.6227956,61.6842,,225.935462,262.2491,,225.6370771,183.5297,,225.9220064,184.1743,,225.8050238,141.1835,,225.3838989,175.7339,,225.3198618,198.6329
226.6667288,156.0384,,,,,226.9365716,158.2956,,226.8915477,84.7864,,226.8205906,102.7937,,226.6211265,61.6785,,226.9351765,262.7662,,226.6354712,184.2854,,226.9216613,183.322,,226.804161,141.0204,,226.3811728,175.8164,,226.3168524,199.0216
227.6652607,156.2308,,,,,227.9362921,159.0422,,227.8910699,85.4755,,227.8198002,104.4769,,227.6194575,61.6338,,227.9348909,263.5816,,227.6338654,185.0358,,227.9213162,182.5191,,227.8032983,140.9866,,227.3784467,176.1312,,227.3138429,199.3549
228.6637925,156.4798,,,,,228.9360127,160.0837,,228.8905921,86.2447,,228.8190099,106.1434,,228.6177884,61.598,,228.9346053,264.395,,228.6322595,185.7691,,228.920971,181.8877,,228.8024356,140.9809,,228.3757206,176.7268,,228.3108335,199.6999
229.6623244,156.7717,,,,,229.9357333,161.2761,,229.8901144,87.0978,,229.8182195,107.7756,,229.6161194,61.5202,,229.9343198,265.373,,229.6306536,186.4606,,229.9206259,181.3002,,229.8015728,141.0153,,229.3729945,177.3451,,229.307824,199.9274
230.6608562,157.1554,,,,,230.9354539,162.427,,230.8896366,87.9803,,230.8174292,109.2591,,230.6144503,61.3791,,230.9340342,266.3819,,230.6290478,187.1574,,230.9202808,180.6969,,230.8007101,141.3301,,230.3702684,178.0057,,230.3048145,200.1884
231.6593881,157.5436,,,,,231.9351745,163.5075,,231.8891588,88.7559,,231.8166388,110.4651,,231.6127813,61.1411,,231.9337486,267.2484,,231.6274419,187.9653,,231.9199357,180.055,,231.7998474,141.8878,,231.3675423,178.6073,,231.3018051,200.514
232.6579199,157.9446,,,,,232.934895,164.5164,,232.8886811,89.6261,,232.8158485,111.4505,,232.6111122,60.9802,,232.9334631,268.0641,,232.6258361,188.8491,,232.9195906,179.3959,,232.7989847,142.3643,,232.3648161,179.1169,,232.2987956,200.9853
233.6564518,158.3591,,,,,233.9346156,165.5383,,233.8882033,90.3756,,233.8150581,112.4126,,233.6094432,60.9553,,233.9331775,268.7344,,233.6242302,189.7567,,233.9192455,178.6558,,233.7981219,142.8495,,233.36209,179.6563,,233.2957861,201.4861
234.6549836,158.7325,,,,,234.9343362,166.7442,,234.8877255,91.0786,,234.8142678,113.2722,,234.6077741,60.984,,234.9328919,269.2507,,234.6226244,190.6574,,234.9189004,177.8333,,234.7972592,143.3145,,234.3593639,180.2488,,234.2927767,202.0152
235.6535154,159.0924,,,,,235.9340568,167.7739,,235.8872478,91.9275,,235.8134774,114.0399,,235.6061051,61.0027,,235.9326064,269.7577,,235.6210185,191.5619,,235.9185553,176.8584,,235.7963965,143.965,,235.3566378,180.8956,,235.2897672,202.6367
236.6520473,159.474,,,,,236.9337774,168.7545,,236.88677,92.6047,,236.8126871,114.692,,236.6044361,60.9647,,236.9323208,270.3144,,236.6194127,192.494,,236.9182102,175.8968,,236.7955338,144.5672,,236.3539117,181.3599,,236.2867578,203.3925
237.6505791,159.7864,,,,,237.9334979,169.47,,237.8862923,93.2678,,237.8118967,115.4124,,237.602767,60.9226,,237.9320352,270.9417,,237.6178068,193.4808,,237.9178651,175.1995,,237.794671,145.0841,,237.3511856,181.8666,,237.2837483,204.2425
238.649111,160.0387,,,,,238.9332185,169.8195,,238.8858145,94.0802,,238.8111064,116.2237,,238.601098,60.8876,,238.9317497,271.7026,,238.616201,194.4285,,238.91752,174.5547,,238.7938083,145.7801,,238.3484595,182.3694,,238.2807388,205.1051
239.6476428,160.2978,,,,,239.9329391,170.009,,239.8853367,94.8564,,239.810316,117.0689,,239.5994289,60.7938,,239.9314641,272.5027,,239.6145951,195.3219,,239.9171749,173.9044,,239.7929456,146.5179,,239.3457334,183.0155,,239.2777294,206.0037
240.6461747,160.4733,,,,,240.9326597,170.3541,,240.884859,95.6675,,240.8095257,117.9921,,240.5977599,60.4246,,240.9311785,273.2217,,240.6129893,196.2748,,240.9168298,173.5816,,240.7920829,147.1596,,240.3430073,183.6639,,240.2747199,206.8496
241.6447065,160.6118,,,,,241.9323803,171.0732,,241.8843812,96.4821,,241.8087353,119.0062,,241.5960908,60.0099,,241.930893,273.7056,,241.6113834,197.3835,,241.9164847,173.4299,,241.7912201,147.8669,,241.3402811,184.1976,,241.2717105,207.4262
242.6432384,160.7916,,,,,242.9321008,171.6535,,242.8839034,97.3742,,242.807945,119.9656,,242.5944218,59.6923,,242.9306074,273.8895,,242.6097775,198.5209,,242.9161396,173.282,,242.7903574,148.8787,,242.337555,184.6644,,242.268701,207.7456
243.6417702,160.9549,,,,,243.9318214,172.3363,,243.8834257,98.1278,,243.8071546,120.8348,,243.5927527,59.4783,,243.9303218,273.9403,,243.6081717,199.3637,,243.9157945,173.0803,,243.7894947,150.1208,,243.3348289,185.1765,,243.2656915,208.0251
244.6403021,161.1251,,,,,244.931542,173.2373,,244.8829479,98.8764,,244.8063643,121.6384,,244.5910837,59.5363,,244.9300363,274.0923,,244.6065658,200.0272,,244.9154494,172.8082,,244.7886319,151.355,,244.3321028,185.6544,,244.2626821,208.3047
245.6388339,161.2718,,,,,245.9312626,174.1696,,245.8824701,99.845,,245.8055739,122.3817,,245.5894146,59.6715,,245.9297507,274.3731,,245.60496,200.5634,,245.9151043,172.6168,,245.7877692,152.5494,,245.3293767,186.0739,,245.2596726,208.5588
246.6373657,161.422,,,,,246.9309831,175.0628,,246.8819924,100.7354,,246.8047836,123.1273,,246.5877456,59.6675,,246.9294651,274.8679,,246.6033541,200.8758,,246.9147592,172.4229,,246.7869065,153.7167,,246.3266506,186.5698,,246.2566632,209.1338
247.6358976,161.7276,,,,,247.9307037,175.8729,,247.8815146,101.534,,247.8039932,123.8376,,247.5860765,59.4494,,247.9291796,275.5691,,247.6017483,200.9995,,247.9144141,172.4154,,247.7860438,155.0126,,247.3239245,187.1471,,247.2536537,210.0133
248.6344294,162.1243,,,,,248.9304243,176.6694,,248.8810369,102.1728,,248.8032029,124.5458,,248.5844075,59.1441,,248.928894,276.3597,,248.6001424,201.1086,,248.914069,172.3109,,248.785181,156.1666,,248.3211984,187.6472,,248.2506442,210.8567
249.6329613,162.4534,,,,,249.9301449,177.6509,,249.8805591,102.966,,249.8024125,125.2631,,249.5827385,59.0381,,249.9286084,277.2724,,249.5985366,201.3605,,249.9137239,172.1017,,249.7843183,157.1185,,249.3184723,188.1149,,249.2476348,211.5561
250.6314931,162.7919,,,,,250.9298655,178.9293,,250.8800813,103.877,,250.8016222,125.7946,,250.5810694,59.0055,,250.9283229,278.1264,,250.5969307,201.7819,,250.9133787,172.042,,250.7834556,158.5714,,250.3157462,188.5872,,250.2446253,212.1619
251.630025,163.1322,,,,,251.929586,180.4934,,251.8796036,104.7235,,251.8008318,126.1687,,251.5794004,59.0123,,251.9280373,278.779,,251.5953249,202.2501,,251.9130336,171.9448,,251.7825929,160.5122,,251.31302,189.0483,,251.2416158,212.6994
252.6285568,163.3078,,,,,252.9293066,182.0007,,252.8791258,105.6174,,252.8000415,126.5458,,252.5777313,59.0567,,252.9277517,279.5039,,252.593719,202.8352,,252.9126885,171.8378,,252.7817301,162.022,,252.3102939,189.5556,,252.2386064,213.2626
253.6270887,163.4004,,,,,253.9290272,183.3973,,253.878648,106.6014,,253.7992511,127.0113,,253.5760623,59.1018,,253.9274662,280.2177,,253.5921132,203.7476,,253.9123434,171.8155,,253.7808674,163.236,,253.3075678,189.998,,253.2355969,213.8713
254.6256205,163.4152,,,,,254.9287478,184.2725,,254.8781703,107.5655,,254.7984608,127.4768,,254.5743932,59.1194,,254.9271806,280.923,,254.5905073,204.9016,,254.9119983,171.786,,254.7800047,164.3389,,254.3048417,190.4554,,254.2325875,214.4737
255.6241523,163.4331,,,,,255.9284684,184.9783,,255.8776925,108.5087,,255.7976704,127.9471,,255.5727242,59.0809,,255.926895,281.6248,,255.5889014,206.1243,,255.9116532,171.7718,,255.779142,165.3165,,255.3021156,190.9665,,255.229578,215.1038
256.6226842,163.4915,,,,,256.9281889,185.6718,,256.8772147,109.4093,,256.7968801,128.4035,,256.5710551,58.9598,,256.9266095,282.309,,256.5872956,207.2686,,256.9113081,171.8303,,256.7782792,166.2469,,256.2993895,191.4498,,256.2265685,215.7731
257.621216,163.6567,,,,,257.9279095,186.2936,,257.876737,110.3092,,257.7960897,128.8629,,257.5693861,58.7722,,257.9263239,282.8829,,257.5856897,208.2447,,257.910963,171.9434,,257.7774165,167.1462,,257.2966634,191.9352,,257.2235591,216.5731
258.6197479,163.9056,,,,,258.9276301,186.9443,,258.8762592,111.1817,,258.7952994,129.3144,,258.567717,58.4918,,258.9260383,283.4243,,258.5840839,209.1617,,258.9106179,172.2058,,258.7765538,168.119,,258.2939373,192.3979,,258.2205496,217.3814
259.6182797,164.3273,,,,,259.9273507,187.6611,,259.8757815,112.0338,,259.794509,129.7906,,259.566048,58.2548,,259.9257528,284.072,,259.582478,210.0682,,259.9102728,172.522,,259.775691,169.1228,,259.2912111,192.8893,,259.2175402,218.2004
260.6168116,165.0352,,,,,260.9270713,188.2504,,260.8753037,113.1231,,260.7937187,130.2556,,260.5643789,58.1039,,260.9254672,284.7661,,260.5808722,210.9635,,260.9099277,172.8543,,260.7748283,169.9915,,260.288485,193.3371,,260.2145307,218.9964
261.6153434,165.825,,,,,261.9267918,188.8499,,261.8748259,114.1209,,261.7929283,130.7121,,261.5627099,57.9927,,261.9251816,285.484,,261.5792663,211.8192,,261.9095826,173.4029,,261.7739656,170.8595,,261.2857589,193.7536,,261.2115212,219.7729
262.6138753,166.4258,,,,,262.9265124,189.4656,,262.8743482,114.9222,,262.792138,131.194,,262.5610408,57.8934,,262.9248961,286.1817,,262.5776605,212.4167,,262.9092375,174.0877,,262.7731029,171.9942,,262.2830328,194.1421,,262.2085118,220.3548
263.6124071,166.8775,,,,,263.926233,190.0981,,263.8738704,115.6637,,263.7913476,131.6335,,263.5593718,57.7988,,263.9246105,286.8795,,263.5760546,212.6827,,263.9088924,174.6663,,263.7722401,173.1039,,263.2803067,194.5345,,263.2055023,220.7288
264.610939,167.2772,,,,,264.9259536,190.7279,,264.8733926,116.451,,264.7905573,132.0223,,264.5577028,57.6686,,264.9243249,287.5727,,264.5744488,212.8457,,264.9085473,175.1992,,264.7713774,174.145,,264.2775806,194.9294,,264.2024929,220.946
265.6094708,167.654,,,,,265.9256742,191.2895,,265.8729149,117.2699,,265.7897669,132.3756,,265.5560337,57.3836,,265.9240394,288.2783,,265.5728429,212.9638,,265.9082022,175.695,,265.7705147,174.9725,,265.2748545,195.3603,,265.1994834,221.0543
266.6080026,168.077,,,,,266.9253947,191.8228,,266.8724371,118.316,,266.7889766,132.7344,,266.5543647,56.9195,,266.9237538,288.9522,,266.5712371,213.0876,,266.9078571,176.1577,,266.769652,175.7507,,266.2721284,195.8241,,266.1964739,221.2135
267.6065345,168.4717,,,,,267.9251153,192.37,,267.8719593,119.2569,,267.7881862,133.0669,,267.5526956,56.8171,,267.9234682,289.6073,,267.5696312,213.2524,,267.907512,176.5993,,267.7687892,176.7384,,267.2694023,196.2412,,267.1934645,221.3566
268.6050663,168.8188,,,,,268.9248359,192.9305,,268.8714816,120.1177,,268.7873959,133.4052,,268.5510266,56.811,,268.9231827,290.2338,,268.5680254,213.6258,,268.9071669,176.9963,,268.7679265,177.7398,,268.2666762,196.6006,,268.190455,221.4222
269.6035982,169.1911,,,,,269.9245565,193.4667,,269.8710038,120.8898,,269.7866055,133.7259,,269.5493575,56.811,,269.9228971,290.9563,,269.5664195,214.5065,,269.9068218,177.3089,,269.7670638,178.7547,,269.26395,196.9583,,269.1874456,221.4502
270.60213,169.6287,,,,,270.9242771,193.9944,,270.8705261,121.7224,,270.7858152,134.0257,,270.5476885,56.811,,270.9226115,291.7159,,270.5648136,215.7595,,270.9064767,177.8259,,270.7662011,179.5302,,270.2612239,197.2921,,270.1844361,221.4695
271.6006619,170.1168,,,,,271.9239976,194.5221,,271.8700483,122.7182,,271.7850248,134.3016,,271.5460194,56.811,,271.922326,292.4388,,271.5632078,216.9912,,271.9061315,178.5935,,271.7653383,180.3595,,271.2584978,197.6206,,271.1814266,221.4857
272.5991937,170.6265,,,,,272.9237182,195.048,,272.8695705,123.9382,,272.7842345,134.5737,,272.5443504,56.811,,272.9220404,293.2103,,272.5616019,217.9702,,272.9057864,179.2836,,272.7644756,181.3362,,272.2557717,197.972,,272.1784172,221.4836
273.5977256,171.1656,,,,,273.9234388,195.5467,,273.8690928,125.0458,,273.7834441,134.8828,,273.5426813,56.811,,273.9217548,293.9595,,273.5599961,218.7475,,273.9054413,179.9226,,273.7636129,182.4061,,273.2530456,198.3531,,273.1754077,221.4737
274.5962574,171.7018,,,,,,,,274.868615,126.0277,,274.7826538,135.2311,,274.5410123,56.811,,274.9214693,294.5797,,274.5583902,219.549,,274.9050962,180.5695,,274.7627501,183.4174,,274.2503195,198.7582,,274.1723983,221.456
275.5947892,172.2522,,,,,,,,275.8681372,127.0784,,275.7818634,135.6751,,275.5393432,56.8114,,275.9211837,295.2361,,275.5567844,220.5409,,275.9047511,181.2263,,275.7618874,184.2127,,275.2475934,199.1932,,275.1693888,221.4264
276.5933211,172.7685,,,,,,,,276.8676595,128.5905,,276.7810731,136.1722,,276.5376742,56.8593,,276.9208981,295.9408,,276.5551785,221.7018,,276.904406,181.9333,,276.7610247,184.8304,,276.2448673,199.6458,,276.1663793,221.4064
277.5918529,173.2659,,,,,,,,277.8671817,130.2201,,277.7802827,136.6676,,277.5360052,57.1267,,277.9206126,296.7104,,277.5535727,222.6282,,277.9040609,182.6104,,277.760162,185.4543,,277.2421412,200.1512,,277.1633699,221.463
278.5903848,173.8929,,,,,,,,278.8667039,131.5473,,278.7794924,137.1667,,278.5343361,57.4237,,278.920327,297.5151,,278.5519668,223.258,,278.9037158,183.2469,,278.7592992,186.2153,,278.239415,200.7329,,278.1603604,221.6089
279.5889166,174.4658,,,,,,,,279.8662262,132.7976,,279.778702,137.6966,,279.5326671,57.7491,,279.9200414,298.248,,279.550361,223.7915,,279.9033707,183.8226,,279.7584365,186.9481,,279.2366889,201.3159,,279.1573509,221.8935
280.5874485,174.9475,,,,,,,,280.8657484,134.197,,280.7779117,138.2291,,280.530998,57.9953,,280.9197559,299.1511,,280.5487551,224.1533,,280.9030256,184.3268,,280.7575738,187.7528,,280.2339628,201.8647,,280.1543415,222.2665
281.5859803,175.5185,,,,,,,,281.8652707,135.4939,,281.7771213,138.7524,,281.529329,58.2598,,281.9194703,300.023,,281.5471493,224.3131,,281.9026805,184.8434,,281.7567111,188.5789,,281.2312367,202.3993,,281.151332,222.6792
282.5845122,176.0427,,,,,,,,282.8647929,136.6213,,282.776331,139.2203,,282.5276599,58.6672,,282.9191847,300.9108,,282.5455434,224.481,,282.9023354,185.4918,,282.7558483,189.4252,,282.2285106,202.962,,282.1483226,223.3311
283.583044,176.5538,,,,,,,,283.8643151,137.5228,,283.7755406,139.6318,,283.5259909,59.2247,,283.9188992,301.7706,,283.5439375,224.7166,,283.9019903,186.2037,,283.7549856,190.31,,283.2257845,203.4214,,283.1453131,223.9901
284.5815759,177.0355,,,,,,,,284.8638374,138.228,,284.7747503,140.1777,,284.5243218,59.7518,,284.9186136,302.4843,,284.5423317,225.027,,284.9016452,186.8219,,284.7541229,191.2831,,284.2230584,203.9147,,284.1423036,224.6745
285.5801077,177.4606,,,,,,,,285.8633596,138.8355,,285.7739599,140.6727,,285.5226528,60.1287,,285.918328,303.279,,285.5407258,225.4165,,285.9013001,187.4452,,285.7532602,192.2823,,285.2203323,204.4423,,285.1392942,225.577
286.5786395,177.9278,,,,,,,,286.8628818,139.4312,,286.7731696,141.0949,,286.5209837,60.6641,,286.9180425,304.0272,,286.53912,225.9002,,286.900955,188.1578,,286.7523974,193.3224,,286.2176062,204.9128,,286.1362847,226.3238
287.5771714,178.4884,,,,,,,,287.8624041,140.0552,,287.7723792,141.5164,,287.5193147,61.143,,287.9177569,304.6756,,287.5375141,226.4371,,287.9006099,188.9136,,287.7515347,194.3165,,287.21488,205.2545,,287.1332753,226.7832
288.5757032,179.0084,,,,,,,,288.8619263,140.5983,,288.7715889,142.0793,,288.5176456,61.5584,,288.9174713,305.507,,288.5359083,227.1187,,288.9002648,189.6982,,288.750672,195.3032,,288.2121539,205.5612,,288.1302658,227.2142
289.5742351,179.4937,,,,,,,,289.8614486,141.0989,,289.7707985,142.6882,,289.5159766,61.9958,,289.9171858,306.4532,,289.5343024,228.1173,,289.8999197,190.5184,,289.7498092,196.3689,,289.2094278,205.9451,,289.1272563,227.687
290.5727669,179.7915,,,,,,,,290.8609708,141.6724,,290.7700082,143.301,,290.5143076,62.3866,,290.9169002,307.4204,,290.5326966,229.2338,,290.8995746,191.3735,,290.7489465,197.3284,,290.2067017,206.3278,,290.1242469,228.1819
291.5712988,180.0812,,,,,,,,291.860493,142.4284,,291.7692178,143.8305,,291.5126385,62.7513,,291.9166146,308.6012,,291.5310907,230.1704,,291.8992295,192.2691,,291.7480838,198.3268,,291.2039756,206.6892,,291.1212374,228.7598
292.5698306,180.4907,,,,,,,,292.8600153,143.2631,,292.7684275,144.4202,,292.5109695,63.0787,,292.9163291,309.6058,,292.5294849,230.8114,,292.8988844,193.2737,,292.7472211,199.2157,,292.2012495,207.0755,,,
293.5683625,180.9068,,,,,,,,293.8595375,144.135,,293.7676371,145.057,,293.5093004,63.1934,,293.9160435,310.498,,293.527879,231.4229,,293.8985392,194.2811,,293.7463583,199.9684,,293.1985234,207.5066,,,
294.5668943,181.3491,,,,,,,,294.8590597,144.98,,294.7668468,145.827,,294.5076314,63.2257,,294.9157579,311.0327,,294.5262732,232.0026,,294.8981941,195.2605,,294.7454956,200.2014,,294.1957973,207.9262,,,
295.5654261,181.7382,,,,,,,,295.858582,145.7262,,295.7660564,146.5898,,295.5059623,63.4205,,295.9154724,311.3046,,295.5246673,232.5175,,295.897849,196.0775,,295.7446329,200.2953,,295.1930712,208.3533,,,
296.563958,182.1208,,,,,,,,296.8581042,146.3226,,296.7652661,147.3087,,296.5042933,63.6063,,296.9151868,311.304,,296.5230614,233.0169,,296.8975039,196.7023,,296.7437702,200.5414,,296.190345,208.7368,,,
297.5624898,182.5591,,,,,,,,297.8576264,146.9826,,297.7644757,147.8694,,297.5026242,63.6117,,297.9149012,311.2908,,297.5214556,233.4776,,297.8971588,197.238,,297.7429074,200.9879,,297.1876189,209.059,,,
298.5610217,183.0006,,,,,,,,298.8571487,147.6893,,298.7636854,148.4092,,298.5009552,63.5976,,298.9146157,311.4504,,298.5198497,233.934,,298.8968137,197.7162,,298.7420447,201.7428,,298.1848928,209.3681,,,
299.5595535,183.4217,,,,,,,,299.8566709,148.4259,,299.762895,148.8842,,299.4992861,63.5982,,299.9143301,311.5711,,299.5182439,234.4209,,299.8964686,198.1294,,299.741182,202.7149,,299.1821667,209.6721,,,
300.5580854,183.8304,,,,,,,,300.8561931,149.1675,,300.7621047,149.3221,,300.4976171,63.631,,300.9140445,311.7731,,300.516638,234.9395,,300.8961235,198.5281,,300.7403193,204.1826,,300.1794406,209.9735,,,
301.5566172,184.3009,,,,,,,,301.8557154,149.9072,,301.7613143,149.7153,,301.495948,63.703,,301.913759,312.1635,,301.5150322,235.4328,,301.8957784,198.9025,,301.7394565,206.0384,,301.1767145,210.3011,,,
302.5551491,184.7897,,,,,,,,302.8552376,150.6302,,302.760524,150.0625,,302.494279,63.7926,,302.9134734,312.7722,,302.5134263,235.9285,,302.8954333,199.3606,,302.7385938,207.2226,,302.1739884,210.6653,,,
303.5536809,185.3488,,,,,,,,303.8547599,151.3275,,303.7597336,150.3434,,303.49261,63.8646,,303.9131878,313.687,,303.5118205,236.495,,303.8950882,200.1289,,303.7377311,208.0134,,303.1712623,211.0211,,,
304.5522128,186.0081,,,,,,,,304.8542821,152.1183,,304.7589433,150.7924,,304.4909409,63.9506,,304.9129023,314.6916,,304.5102146,237.2407,,304.8947431,201.0731,,304.7368683,208.7217,,304.1685362,211.2961,,,
305.5507446,186.7226,,,,,,,,305.8538043,152.8763,,305.7581529,151.3071,,305.4892719,64.1528,,305.9126167,315.4295,,305.5086088,237.8935,,305.894398,202.0257,,305.7360056,209.4249,,305.16581,211.5528,,,
306.5492764,187.4118,,,,,,,,306.8533266,153.4854,,306.7573626,151.8347,,306.4876028,64.7032,,306.9123311,315.9989,,306.5070029,238.5671,,306.8940529,202.9826,,306.7351429,210.0978,,306.1630839,211.7852,,,
307.5478083,188.069,,,,,,,,307.8528488,153.9983,,,,,307.4859338,65.3893,,307.9120456,316.55,,307.5053971,239.1523,,307.8937078,203.9334,,307.7342802,210.8016,,307.1603578,212.0483,,,
308.5463401,188.9539,,,,,,,,308.852371,154.6295,,,,,308.4842647,66.0992,,308.91176,317.1057,,308.5037912,239.7107,,308.8933627,204.7296,,308.7334174,211.5549,,308.1576317,212.3937,,,
309.544872,189.8514,,,,,,,,309.8518933,155.3776,,,,,309.4825957,66.8692,,309.9114745,317.6478,,309.5021853,240.2611,,309.8930176,205.1949,,309.7325547,212.2406,,,,,,
310.5434038,190.595,,,,,,,,310.8514155,156.1151,,,,,310.4809266,67.6364,,310.9111889,318.1156,,310.5005795,240.9224,,310.8926725,205.5332,,310.731692,212.7425,,,,,,
,,,,,,,,,311.8509377,156.8625,,,,,311.4792576,68.3979,,311.9109033,318.5173,,311.4989736,241.6764,,311.8923274,205.9101,,311.7308293,213.2108,,,,,,
,,,,,,,,,312.85046,157.5693,,,,,312.4775885,69.1599,,312.9106178,318.9436,,312.4973678,242.4086,,312.8919823,206.337,,312.7299665,213.756,,,,,,
,,,,,,,,,313.8499822,158.3501,,,,,313.4759195,69.9117,,313.9103322,319.42,,313.4957619,243.0073,,313.8916372,206.9179,,313.7291038,214.4723,,,,,,
,,,,,,,,,314.8495045,159.2598,,,,,314.4742504,70.6481,,314.9100466,319.9182,,314.4941561,243.3951,,314.891292,207.6572,,314.7282411,215.1995,,,,,,
,,,,,,,,,315.8490267,160.0603,,,,,315.4725814,71.3725,,315.9097611,320.3469,,315.4925502,243.6186,,315.8909469,208.1747,,315.7273783,215.9956,,,,,,
,,,,,,,,,316.8485489,160.6563,,,,,316.4709124,72.0835,,316.9094755,320.7972,,316.4909444,243.7168,,316.8906018,208.3967,,316.7265156,216.6905,,,,,,
,,,,,,,,,317.8480712,161.3947,,,,,317.4692433,72.8424,,317.9091899,321.2947,,317.4893385,243.702,,317.8902567,208.5396,,317.7256529,217.3004,,,,,,
,,,,,,,,,318.8475934,162.237,,,,,318.4675743,73.6695,,318.9089044,321.8559,,318.4877327,243.6878,,318.8899116,208.7127,,318.7247902,218.0818,,,,,,
,,,,,,,,,319.8471156,163.0279,,,,,319.4659052,74.4766,,319.9086188,322.4678,,319.4861268,243.8748,,319.8895665,208.9355,,319.7239274,218.8691,,,,,,
,,,,,,,,,320.8466379,163.7055,,,,,320.4642362,75.2627,,,,,320.484521,244.1148,,320.8892214,209.1555,,320.7230647,219.5821,,,,,,
,,,,,,,,,321.8461601,164.5931,,,,,321.4625671,75.9932,,,,,321.4829151,244.3659,,321.8888763,209.4812,,321.722202,220.318,,,,,,
,,,,,,,,,322.8456823,165.5968,,,,,322.4608981,76.7457,,,,,322.4813092,244.9098,,322.8885312,210.0562,,322.7213393,220.9991,,,,,,
,,,,,,,,,323.8452046,166.494,,,,,323.459229,77.5111,,,,,323.4797034,245.6948,,323.8881861,210.8655,,323.7204765,221.6483,,,,,,
,,,,,,,,,324.8447268,167.2686,,,,,324.45756,78.247,,,,,324.4780975,246.5178,,324.887841,211.8051,,324.7196138,222.31,,,,,,
,,,,,,,,,325.8442491,168.1028,,,,,325.4558909,78.8392,,,,,325.4764917,247.369,,325.8874959,212.7322,,325.7187511,222.9621,,,,,,
,,,,,,,,,326.8437713,168.916,,,,,326.4542219,79.0189,,,,,326.4748858,248.206,,326.8871508,213.4729,,326.7178884,223.7094,,,,,,
,,,,,,,,,327.8432935,169.6688,,,,,327.4525528,78.9976,,,,,327.47328,249.0029,,327.8868057,214.0353,,327.7170256,224.5161,,,,,,
,,,,,,,,,328.8428158,170.552,,,,,328.4508838,79.0066,,,,,328.4716741,249.6689,,328.8864606,214.5226,,328.7161629,225.3205,,,,,,
,,,,,,,,,329.842338,171.3956,,,,,329.4492148,79.0509,,,,,329.4700683,250.2232,,329.8861155,214.959,,329.7153002,226.0551,,,,,,
,,,,,,,,,330.8418602,172.0834,,,,,330.4475457,79.1794,,,,,330.4684624,250.8049,,330.8857704,215.3713,,330.7144374,226.79,,,,,,
,,,,,,,,,331.8413825,172.8206,,,,,331.4458767,79.4686,,,,,331.4668566,251.3034,,331.8854253,215.8969,,331.7135747,227.5303,,,,,,
,,,,,,,,,332.8409047,173.5502,,,,,332.4442076,80.0736,,,,,332.4652507,251.641,,332.8850802,216.5625,,332.712712,228.2496,,,,,,
,,,,,,,,,333.840427,174.2969,,,,,333.4425386,80.9591,,,,,333.4636449,251.8846,,333.8847351,217.2417,,333.7118493,228.8887,,,,,,
,,,,,,,,,334.8399492,174.9766,,,,,334.4408695,81.9143,,,,,,,,334.88439,217.8976,,334.7109865,229.6303,,,,,,
,,,,,,,,,335.8394714,175.5931,,,,,335.4392005,82.8522,,,,,,,,335.8840449,218.5309,,335.7101238,230.2648,,,,,,
,,,,,,,,,336.8389937,176.1895,,,,,336.4375314,83.6219,,,,,,,,336.8836997,219.0955,,336.7092611,230.8371,,,,,,
,,,,,,,,,337.8385159,176.7861,,,,,337.4358624,84.187,,,,,,,,337.8833546,219.5514,,337.7083984,231.5325,,,,,,
,,,,,,,,,338.8380381,177.3879,,,,,338.4341933,84.7125,,,,,,,,338.8830095,220.0356,,338.7075356,232.2565,,,,,,
,,,,,,,,,339.8375604,177.9893,,,,,339.4325243,85.2652,,,,,,,,339.8826644,220.71,,339.7066729,232.9807,,,,,,
,,,,,,,,,340.8370826,178.5845,,,,,340.4308552,85.832,,,,,,,,340.8823193,221.5324,,340.7058102,233.4747,,,,,,
,,,,,,,,,341.8366048,179.1633,,,,,341.4291862,86.4777,,,,,,,,341.8819742,222.3776,,341.7049475,233.4915,,,,,,
,,,,,,,,,342.8361271,179.7351,,,,,342.4275172,87.1387,,,,,,,,342.8816291,223.127,,342.7040847,233.2984,,,,,,
,,,,,,,,,343.8356493,180.3364,,,,,343.4258481,87.8032,,,,,,,,343.881284,223.6884,,343.703222,233.3258,,,,,,
,,,,,,,,,344.8351715,180.9857,,,,,344.4241791,88.4622,,,,,,,,344.8809389,224.1104,,344.7023593,233.5844,,,,,,
,,,,,,,,,345.8346938,181.5388,,,,,345.42251,89.1383,,,,,,,,345.8805938,224.5622,,345.7014965,234.0162,,,,,,
,,,,,,,,,346.834216,182.1009,,,,,346.420841,89.9205,,,,,,,,346.8802487,225.1053,,346.7006338,234.6074,,,,,,
,,,,,,,,,347.8337383,182.759,,,,,347.4191719,90.85,,,,,,,,347.8799036,225.7263,,347.6997711,235.3705,,,,,,
,,,,,,,,,348.8332605,183.2389,,,,,348.4175029,91.6047,,,,,,,,348.8795585,226.4088,,348.6989084,236.2451,,,,,,
,,,,,,,,,349.8327827,183.7441,,,,,349.4158338,92.1509,,,,,,,,349.8792134,227.1297,,349.6980456,237.1476,,,,,,
,,,,,,,,,350.832305,184.4539,,,,,350.4141648,92.4053,,,,,,,,350.8788683,227.865,,350.6971829,237.825,,,,,,
,,,,,,,,,351.8318272,185.213,,,,,351.4124957,92.6506,,,,,,,,351.8785232,228.6041,,351.6963202,238.3615,,,,,,
,,,,,,,,,352.8313494,185.8162,,,,,352.4108267,92.9803,,,,,,,,352.8781781,229.3413,,352.6954575,238.9342,,,,,,
,,,,,,,,,353.8308717,186.4245,,,,,353.4091576,93.5362,,,,,,,,353.877833,230.0694,,353.6945947,239.3692,,,,,,
,,,,,,,,,354.8303939,187.1724,,,,,354.4074886,94.3134,,,,,,,,354.8774879,230.7509,,354.693732,239.788,,,,,,
,,,,,,,,,355.8299161,187.8735,,,,,355.4058196,95.2135,,,,,,,,355.8771428,231.3785,,355.6928693,240.2933,,,,,,
,,,,,,,,,356.8294384,188.5084,,,,,356.4041505,96.0353,,,,,,,,356.8767977,232.0109,,356.6920066,240.811,,,,,,
,,,,,,,,,357.8289606,189.0957,,,,,357.4024815,96.6674,,,,,,,,357.8764526,232.6265,,357.6911438,241.2244,,,,,,
,,,,,,,,,358.8284829,189.7515,,,,,358.4008124,97.1029,,,,,,,,358.8761074,233.2301,,358.6902811,241.8127,,,,,,
,,,,,,,,,359.8280051,190.5098,,,,,359.3991434,97.7595,,,,,,,,359.8757623,233.8117,,359.6894184,242.3896,,,,,,
,,,,,,,,,360.8275273,191.3787,,,,,360.3974743,98.4783,,,,,,,,360.8754172,234.3339,,360.6885556,242.9235,,,,,,
,,,,,,,,,361.8270496,192.2904,,,,,361.3958053,99.2443,,,,,,,,361.8750721,234.7955,,361.6876929,243.2996,,,,,,
,,,,,,,,,362.8265718,193.1783,,,,,362.3941362,100.0164,,,,,,,,362.874727,235.2261,,362.6868302,243.5567,,,,,,
,,,,,,,,,363.826094,193.9547,,,,,363.3924672,100.7489,,,,,,,,363.8743819,235.6723,,363.6859675,243.7703,,,,,,
,,,,,,,,,364.8256163,194.7604,,,,,364.3907981,101.4122,,,,,,,,364.8740368,236.241,,364.6851047,243.9636,,,,,,
,,,,,,,,,365.8251385,195.5566,,,,,365.3891291,102.0969,,,,,,,,365.8736917,236.9385,,365.684242,244.2966,,,,,,
,,,,,,,,,366.8246607,196.3562,,,,,366.38746,102.7655,,,,,,,,366.8733466,237.761,,366.6833793,244.6408,,,,,,
,,,,,,,,,367.824183,197.1647,,,,,367.385791,103.424,,,,,,,,367.8730015,238.6441,,367.6825166,244.6421,,,,,,
,,,,,,,,,368.8237052,197.9812,,,,,368.384122,103.8093,,,,,,,,368.8726564,239.4866,,368.6816538,244.5596,,,,,,
,,,,,,,,,369.8232275,198.7669,,,,,369.3824529,103.9166,,,,,,,,369.8723113,240.1656,,369.6807911,244.5339,,,,,,
,,,,,,,,,370.8227497,199.4986,,,,,370.3807839,104.1915,,,,,,,,370.8719662,240.7362,,370.6799284,244.54,,,,,,
,,,,,,,,,371.8222719,200.1554,,,,,371.3791148,104.9075,,,,,,,,371.8716211,241.3269,,371.6790657,244.543,,,,,,
,,,,,,,,,372.8217942,200.6297,,,,,372.3774458,105.7603,,,,,,,,372.871276,241.9498,,372.6782029,244.5816,,,,,,
,,,,,,,,,373.8213164,200.8214,,,,,373.3757767,106.5681,,,,,,,,373.8709309,242.5717,,373.6773402,244.7277,,,,,,
,,,,,,,,,374.8208386,200.8745,,,,,374.3741077,107.3372,,,,,,,,374.8705858,243.1192,,374.6764775,244.7681,,,,,,
,,,,,,,,,375.8203609,200.9014,,,,,375.3724386,108.0884,,,,,,,,375.8702407,243.5738,,375.6756147,244.6111,,,,,,
,,,,,,,,,376.8198831,200.9223,,,,,376.3707696,108.8409,,,,,,,,376.8698956,244.0873,,376.674752,244.5922,,,,,,
,,,,,,,,,377.8194054,200.9475,,,,,377.3691005,109.6241,,,,,,,,377.8695505,244.6096,,377.6738893,244.6209,,,,,,
,,,,,,,,,378.8189276,201.0766,,,,,378.3674315,110.4749,,,,,,,,378.8692054,245.1098,,378.6730266,244.5909,,,,,,
,,,,,,,,,379.8184498,201.6931,,,,,379.3657624,111.2721,,,,,,,,379.8688603,245.568,,379.6721638,244.5837,,,,,,
,,,,,,,,,380.8179721,202.8274,,,,,380.3640934,111.7872,,,,,,,,380.8685151,245.9866,,380.6713011,244.7008,,,,,,
,,,,,,,,,381.8174943,204.1981,,,,,381.3624244,112.0128,,,,,,,,381.86817,246.3602,,381.6704384,245.0047,,,,,,
,,,,,,,,,382.8170165,205.2865,,,,,382.3607553,112.1358,,,,,,,,382.8678249,246.7234,,382.6695757,245.3398,,,,,,
,,,,,,,,,383.8165388,206.2328,,,,,383.3590863,112.4023,,,,,,,,383.8674798,247.0574,,383.6687129,245.5801,,,,,,
,,,,,,,,,384.816061,207.1216,,,,,384.3574172,113.1075,,,,,,,,384.8671347,247.3645,,384.6678502,245.635,,,,,,
,,,,,,,,,385.8155832,207.826,,,,,385.3557482,113.847,,,,,,,,385.8667896,247.6484,,385.6669875,245.8205,,,,,,
,,,,,,,,,386.8151055,208.5165,,,,,386.3540791,114.534,,,,,,,,386.8664445,247.9384,,386.6661248,246.1652,,,,,,
,,,,,,,,,387.8146277,209.1942,,,,,387.3524101,115.275,,,,,,,,387.8660994,248.2595,,387.665262,246.578,,,,,,
,,,,,,,,,388.8141499,209.8894,,,,,388.350741,116.0004,,,,,,,,388.8657543,248.5586,,388.6643993,246.964,,,,,,
,,,,,,,,,389.8136722,210.6232,,,,,389.349072,116.815,,,,,,,,389.8654092,248.8098,,389.6635366,247.3519,,,,,,
,,,,,,,,,390.8131944,211.276,,,,,390.3474029,117.6205,,,,,,,,390.8650641,249.0726,,390.6626738,247.6788,,,,,,
,,,,,,,,,391.8127167,211.8851,,,,,391.3457339,118.3061,,,,,,,,391.864719,249.3801,,391.6618111,248.0814,,,,,,
,,,,,,,,,392.8122389,212.6588,,,,,392.3440648,118.8934,,,,,,,,392.8643739,249.7286,,392.6609484,248.6127,,,,,,
,,,,,,,,,393.8117611,213.4319,,,,,393.3423958,119.4715,,,,,,,,393.8640288,250.0975,,393.6600857,249.1794,,,,,,
,,,,,,,,,394.8112834,214.3249,,,,,394.3407267,120.0646,,,,,,,,394.8636837,250.4575,,394.6592229,249.6904,,,,,,
,,,,,,,,,395.8108056,215.5231,,,,,395.3390577,120.6458,,,,,,,,395.8633386,250.7752,,395.6583602,250.217,,,,,,
,,,,,,,,,396.8103278,216.8619,,,,,396.3373887,121.1967,,,,,,,,396.8629935,251.0706,,396.6574975,251.0035,,,,,,
,,,,,,,,,397.8098501,218.0211,,,,,397.3357196,121.7586,,,,,,,,397.8626484,251.4322,,397.6566348,251.8599,,,,,,
,,,,,,,,,398.8093723,218.8776,,,,,398.3340506,122.3245,,,,,,,,398.8623033,251.7943,,398.655772,252.6495,,,,,,
,,,,,,,,,399.8088945,219.496,,,,,399.3323815,122.8767,,,,,,,,399.8619582,252.1953,,399.6549093,253.4212,,,,,,
,,,,,,,,,400.8084168,220.0582,,,,,400.3307125,123.3169,,,,,,,,400.8616131,252.6246,,400.6540466,254.3284,,,,,,
,,,,,,,,,401.807939,220.502,,,,,401.3290434,123.7031,,,,,,,,401.8612679,253.1854,,,,,,,,,
,,,,,,,,,402.8074613,220.6706,,,,,402.3273744,124.0985,,,,,,,,402.8609228,253.7603,,,,,,,,,
,,,,,,,,,403.8069835,220.7199,,,,,403.3257053,124.4903,,,,,,,,403.8605777,254.2663,,,,,,,,,
,,,,,,,,,404.8065057,220.7559,,,,,404.3240363,124.8898,,,,,,,,404.8602326,254.6929,,,,,,,,,
,,,,,,,,,405.806028,220.7924,,,,,405.3223672,125.3097,,,,,,,,405.8598875,255.0104,,,,,,,,,
,,,,,,,,,406.8055502,221.0067,,,,,406.3206982,125.7728,,,,,,,,406.8595424,255.2146,,,,,,,,,
,,,,,,,,,407.8050724,221.5515,,,,,407.3190291,126.2032,,,,,,,,407.8591973,255.5199,,,,,,,,,
,,,,,,,,,,,,,,,408.3173601,126.6202,,,,,,,,408.8588522,255.7633,,,,,,,,,
,,,,,,,,,,,,,,,409.3156911,127.0035,,,,,,,,409.8585071,255.9207,,,,,,,,,
,,,,,,,,,,,,,,,410.314022,127.367,,,,,,,,410.858162,256.1774,,,,,,,,,
,,,,,,,,,,,,,,,411.312353,127.7401,,,,,,,,411.8578169,256.5219,,,,,,,,,
,,,,,,,,,,,,,,,412.3106839,128.1579,,,,,,,,412.8574718,256.8723,,,,,,,,,
,,,,,,,,,,,,,,,413.3090149,128.5957,,,,,,,,413.8571267,257.1981,,,,,,,,,
,,,,,,,,,,,,,,,414.3073458,129.0388,,,,,,,,414.8567816,257.525,,,,,,,,,
,,,,,,,,,,,,,,,415.3056768,129.4839,,,,,,,,415.8564365,257.8633,,,,,,,,,
,,,,,,,,,,,,,,,416.3040077,129.9226,,,,,,,,416.8560914,258.2091,,,,,,,,,
,,,,,,,,,,,,,,,417.3023387,130.3055,,,,,,,,417.8557463,258.5495,,,,,,,,,
,,,,,,,,,,,,,,,418.3006696,130.6159,,,,,,,,418.8554012,258.878,,,,,,,,,
,,,,,,,,,,,,,,,419.2990006,130.9022,,,,,,,,419.8550561,259.2,,,,,,,,,
,,,,,,,,,,,,,,,420.2973315,131.2159,,,,,,,,420.854711,259.5187,,,,,,,,,
,,,,,,,,,,,,,,,421.2956625,131.461,,,,,,,,421.8543659,259.8351,,,,,,,,,
,,,,,,,,,,,,,,,422.2939935,131.6813,,,,,,,,422.8540208,260.1109,,,,,,,,,
,,,,,,,,,,,,,,,423.2923244,131.9988,,,,,,,,423.8536756,260.3477,,,,,,,,,
,,,,,,,,,,,,,,,424.2906554,132.3929,,,,,,,,424.8533305,260.6824,,,,,,,,,
,,,,,,,,,,,,,,,425.2889863,132.7581,,,,,,,,425.8529854,261.3241,,,,,,,,,
,,,,,,,,,,,,,,,426.2873173,133.1308,,,,,,,,426.8526403,262.0704,,,,,,,,,
,,,,,,,,,,,,,,,427.2856482,133.5282,,,,,,,,427.8522952,262.4605,,,,,,,,,
,,,,,,,,,,,,,,,428.2839792,133.8846,,,,,,,,428.8519501,262.7309,,,,,,,,,
,,,,,,,,,,,,,,,429.2823101,134.2432,,,,,,,,429.851605,263.0994,,,,,,,,,
,,,,,,,,,,,,,,,430.2806411,134.6547,,,,,,,,430.8512599,263.4875,,,,,,,,,
,,,,,,,,,,,,,,,431.278972,135.0858,,,,,,,,431.8509148,263.8588,,,,,,,,,
,,,,,,,,,,,,,,,432.277303,135.5171,,,,,,,,432.8505697,264.2805,,,,,,,,,
,,,,,,,,,,,,,,,433.2756339,135.9285,,,,,,,,433.8502246,264.7428,,,,,,,,,
,,,,,,,,,,,,,,,434.2739649,136.3245,,,,,,,,434.8498795,265.0835,,,,,,,,,
,,,,,,,,,,,,,,,435.2722959,136.7226,,,,,,,,435.8495344,265.3665,,,,,,,,,
,,,,,,,,,,,,,,,436.2706268,137.2022,,,,,,,,436.8491893,265.7132,,,,,,,,,
,,,,,,,,,,,,,,,437.2689578,137.7254,,,,,,,,437.8488442,266.1477,,,,,,,,,
,,,,,,,,,,,,,,,438.2672887,138.2216,,,,,,,,438.8484991,266.601,,,,,,,,,
,,,,,,,,,,,,,,,439.2656197,138.6679,,,,,,,,439.848154,267.0577,,,,,,,,,
,,,,,,,,,,,,,,,440.2639506,139.0893,,,,,,,,440.8478089,267.4656,,,,,,,,,
,,,,,,,,,,,,,,,441.2622816,139.4872,,,,,,,,441.8474638,267.8946,,,,,,,,,
,,,,,,,,,,,,,,,442.2606125,139.8917,,,,,,,,442.8471187,268.4857,,,,,,,,,
,,,,,,,,,,,,,,,443.2589435,140.3097,,,,,,,,443.8467736,268.9844,,,,,,,,,
,,,,,,,,,,,,,,,444.2572744,140.7375,,,,,,,,444.8464285,269.4529,,,,,,,,,
,,,,,,,,,,,,,,,445.2556054,141.2087,,,,,,,,445.8460833,270.0781,,,,,,,,,
,,,,,,,,,,,,,,,446.2539363,141.5936,,,,,,,,,,,,,,,,,,
,,,,,,,,,,,,,,,447.2522673,141.8987,,,,,,,,,,,,,,,,,,
,,,,,,,,,,,,,,,448.2505983,142.178,,,,,,,,,,,,,,,,,,
,,,,,,,,,,,,,,,449.2489292,142.4198,,,,,,,,,,,,,,,,,,
,,,,,,,,,,,,,,,450.2472602,142.5866,,,,,,,,,,,,,,,,,,
,,,,,,,,,,,,,,,451.2455911,142.7578,,,,,,,,,,,,,,,,,,
,,,,,,,,,,,,,,,452.2439221,143.0068,,,,,,,,,,,,,,,,,,
,,,,,,,,,,,,,,,453.242253,143.349,,,,,,,,,,,,,,,,,,
,,,,,,,,,,,,,,,454.240584,143.7029,,,,,,,,,,,,,,,,,,
,,,,,,,,,,,,,,,455.2389149,144.024,,,,,,,,,,,,,,,,,,
,,,,,,,,,,,,,,,456.2372459,144.2744,,,,,,,,,,,,,,,,,,
,,,,,,,,,,,,,,,457.2355768,144.4811,,,,,,,,,,,,,,,,,,
,,,,,,,,,,,,,,,458.2339078,144.6213,,,,,,,,,,,,,,,,,,
,,,,,,,,,,,,,,,459.2322387,144.7584,,,,,,,,,,,,,,,,,,
,,,,,,,,,,,,,,,460.2305697,144.9365,,,,,,,,,,,,,,,,,,
,,,,,,,,,,,,,,,461.2289007,145.1426,,,,,,,,,,,,,,,,,,
,,,,,,,,,,,,,,,462.2272316,145.3061,,,,,,,,,,,,,,,,,,
,,,,,,,,,,,,,,,463.2255626,145.4447,,,,,,,,,,,,,,,,,,
,,,,,,,,,,,,,,,464.2238935,145.7121,,,,,,,,,,,,,,,,,,
,,,,,,,,,,,,,,,465.2222245,146.0398,,,,,,,,,,,,,,,,,,
,,,,,,,,,,,,,,,466.2205554,146.3377,,,,,,,,,,,,,,,,,,
,,,,,,,,,,,,,,,467.2188864,146.6196,,,,,,,,,,,,,,,,,,
,,,,,,,,,,,,,,,468.2172173,146.9521,,,,,,,,,,,,,,,,,,
,,,,,,,,,,,,,,,469.2155483,147.2457,,,,,,,,,,,,,,,,,,
,,,,,,,,,,,,,,,470.2138792,147.6155,,,,,,,,,,,,,,,,,,
,,,,,,,,,,,,,,,471.2122102,147.999,,,,,,,,,,,,,,,,,,
,,,,,,,,,,,,,,,472.2105411,148.3267,,,,,,,,,,,,,,,,,,
,,,,,,,,,,,,,,,473.2088721,148.5912,,,,,,,,,,,,,,,,,,
,,,,,,,,,,,,,,,474.2072031,148.8891,,,,,,,,,,,,,,,,,,
,,,,,,,,,,,,,,,475.205534,149.2877,,,,,,,,,,,,,,,,,,
,,,,,,,,,,,,,,,476.203865,149.6203,,,,,,,,,,,,,,,,,,
,,,,,,,,,,,,,,,477.2021959,149.8428,,,,,,,,,,,,,,,,,,
,,,,,,,,,,,,,,,478.2005269,150.0344,,,,,,,,,,,,,,,,,,
,,,,,,,,,,,,,,,479.1988578,150.1775,,,,,,,,,,,,,,,,,,
,,,,,,,,,,,,,,,480.1971888,150.3578,,,,,,,,,,,,,,,,,,
,,,,,,,,,,,,,,,481.1955197,150.5625,,,,,,,,,,,,,,,,,,
,,,,,,,,,,,,,,,482.1938507,150.722,,,,,,,,,,,,,,,,,,
,,,,,,,,,,,,,,,483.1921816,150.8339,,,,,,,,,,,,,,,,,,
,,,,,,,,,,,,,,,484.1905126,150.961,,,,,,,,,,,,,,,,,,
,,,,,,,,,,,,,,,485.1888435,151.1294,,,,,,,,,,,,,,,,,,
,,,,,,,,,,,,,,,486.1871745,151.2397,,,,,,,,,,,,,,,,,,
,,,,,,,,,,,,,,,487.1855055,151.279,,,,,,,,,,,,,,,,,,
,,,,,,,,,,,,,,,488.1838364,151.2636,,,,,,,,,,,,,,,,,,
,,,,,,,,,,,,,,,489.1821674,151.2211,,,,,,,,,,,,,,,,,,
,,,,,,,,,,,,,,,490.1804983,151.2366,,,,,,,,,,,,,,,,,,
,,,,,,,,,,,,,,,491.1788293,151.2981,,,,,,,,,,,,,,,,,,
,,,,,,,,,,,,,,,492.1771602,151.3963,,,,,,,,,,,,,,,,,,
,,,,,,,,,,,,,,,493.1754912,151.4926,,,,,,,,,,,,,,,,,,
,,,,,,,,,,,,,,,494.1738221,151.5846,,,,,,,,,,,,,,,,,,
,,,,,,,,,,,,,,,495.1721531,151.5829,,,,,,,,,,,,,,,,,,
,,,,,,,,,,,,,,,496.170484,151.4334,,,,,,,,,,,,,,,,,,
,,,,,,,,,,,,,,,497.168815,151.347,,,,,,,,,,,,,,,,,,
,,,,,,,,,,,,,,,498.1671459,151.3726,,,,,,,,,,,,,,,,,,
,,,,,,,,,,,,,,,499.1654769,151.4771,,,,,,,,,,,,,,,,,,
,,,,,,,,,,,,,,,500.1638079,151.6645,,,,,,,,,,,,,,,,,,
,,,,,,,,,,,,,,,501.1621388,151.9341,,,,,,,,,,,,,,,,,,
,,,,,,,,,,,,,,,502.1604698,152.2112,,,,,,,,,,,,,,,,,,
,,,,,,,,,,,,,,,503.1588007,152.4482,,,,,,,,,,,,,,,,,,
,,,,,,,,,,,,,,,504.1571317,152.6464,,,,,,,,,,,,,,,,,,
,,,,,,,,,,,,,,,505.1554626,152.8385,,,,,,,,,,,,,,,,,,
,,,,,,,,,,,,,,,506.1537936,153.0521,,,,,,,,,,,,,,,,,,
,,,,,,,,,,,,,,,507.1521245,153.3747,,,,,,,,,,,,,,,,,,
,,,,,,,,,,,,,,,508.1504555,153.799,,,,,,,,,,,,,,,,,,
,,,,,,,,,,,,,,,509.1487864,154.2379,,,,,,,,,,,,,,,,,,
,,,,,,,,,,,,,,,510.1471174,154.6575,,,,,,,,,,,,,,,,,,
,,,,,,,,,,,,,,,511.1454483,155.0415,,,,,,,,,,,,,,,,,,
,,,,,,,,,,,,,,,512.1437793,155.3596,,,,,,,,,,,,,,,,,,
,,,,,,,,,,,,,,,513.1421103,155.737,,,,,,,,,,,,,,,,,,
,,,,,,,,,,,,,,,514.1404412,156.0594,,,,,,,,,,,,,,,,,,
,,,,,,,,,,,,,,,515.1387722,156.3578,,,,,,,,,,,,,,,,,,
,,,,,,,,,,,,,,,516.1371031,156.6724,,,,,,,,,,,,,,,,,,
,,,,,,,,,,,,,,,517.1354341,157.1401,,,,,,,,,,,,,,,,,,
,,,,,,,,,,,,,,,518.133765,157.6984,,,,,,,,,,,,,,,,,,
,,,,,,,,,,,,,,,519.132096,158.2071,,,,,,,,,,,,,,,,,,
,,,,,,,,,,,,,,,520.1304269,158.7245,,,,,,,,,,,,,,,,,,
,,,,,,,,,,,,,,,521.1287579,159.1436,,,,,,,,,,,,,,,,,,
,,,,,,,,,,,,,,,522.1270888,159.5149,,,,,,,,,,,,,,,,,,
,,,,,,,,,,,,,,,523.1254198,159.74,,,,,,,,,,,,,,,,,,
,,,,,,,,,,,,,,,524.1237507,159.7784,,,,,,,,,,,,,,,,,,
,,,,,,,,,,,,,,,525.1220817,159.7478,,,,,,,,,,,,,,,,,,
,,,,,,,,,,,,,,,526.1204127,159.7408,,,,,,,,,,,,,,,,,,
,,,,,,,,,,,,,,,527.1187436,159.7296,,,,,,,,,,,,,,,,,,
,,,,,,,,,,,,,,,528.1170746,159.8094,,,,,,,,,,,,,,,,,,
,,,,,,,,,,,,,,,529.1154055,159.9957,,,,,,,,,,,,,,,,,,